customer_id,num_of_credit_inquiries,hard_credit_inquiries
1,9,0
2,10,5
3,4,2
4,4,5
5,2,4
6,1,0
7,2,4
8,6,0
9,8,2
10,6,0
11,6,4
12,3,1
13,10,0
14,0,1
15,2,1
16,6,5
17,5,4
18,6,4
19,1,4
20,7,1
21,8,0
22,3,2
23,5,1
24,7,4
25,5,3
26,2,0
27,8,2
28,6,5
29,6,2
30,5,4
31,4,4
32,5,2
33,10,2
34,3,0
35,8,3
36,9,4
37,0,5
38,1,1
39,4,1
40,8,2
41,3,2
42,9,4
43,2,0
44,8,4
45,6,0
46,6,0
47,7,1
48,6,5
49,7,3
50,1,3
51,7,4
52,7,1
53,8,3
54,2,5
55,1,5
56,2,2
57,3,4
58,3,1
59,9,3
60,3,3
61,6,2
62,1,2
63,3,1
64,9,0
65,5,1
66,10,3
67,7,5
68,5,0
69,2,3
70,5,3
71,0,1
72,1,5
73,3,4
74,1,2
75,5,1
76,5,2
77,4,2
78,6,5
79,3,4
80,7,3
81,7,1
82,8,3
83,1,4
84,0,1
85,7,0
86,4,3
87,7,4
88,2,0
89,1,5
90,2,5
91,0,3
92,7,5
93,8,2
94,5,0
95,7,1
96,2,3
97,3,5
98,5,0
99,4,3
100,1,1
101,2,3
102,6,0
103,3,0
104,10,1
105,7,1
106,10,0
107,7,2
108,3,4
109,5,0
110,8,5
111,4,3
112,9,2
113,5,0
114,3,3
115,6,1
116,7,3
117,10,3
118,4,0
119,3,2
120,3,2
121,9,1
122,10,1
123,3,2
124,10,2
125,7,0
126,8,4
127,4,2
128,8,2
129,3,3
130,3,1
131,9,1
132,9,1
133,6,3
134,6,4
135,10,4
136,6,3
137,3,1
138,9,4
139,9,5
140,2,1
141,0,3
142,4,0
143,3,4
144,5,1
145,7,3
146,2,3
147,3,3
148,0,0
149,1,2
150,7,0
151,3,0
152,1,0
153,9,5
154,8,5
155,3,2
156,8,3
157,1,1
158,9,5
159,2,0
160,2,1
161,3,5
162,10,1
163,1,2
164,4,4
165,4,2
166,7,0
167,2,0
168,8,4
169,8,2
170,9,3
171,8,5
172,4,2
173,2,4
174,1,5
175,0,5
176,3,3
177,6,4
178,5,0
179,3,4
180,2,2
181,4,0
182,7,2
183,5,0
184,4,4
185,1,1
186,4,2
187,3,1
188,1,1
189,6,0
190,10,0
191,6,3
192,10,4
193,8,4
194,3,2
195,6,4
196,2,0
197,6,2
198,0,0
199,7,0
200,7,4
201,10,0
202,4,0
203,1,2
204,8,0
205,4,3
206,2,3
207,0,4
208,9,5
209,7,0
210,10,3
211,8,0
212,8,5
213,4,3
214,2,0
215,4,3
216,4,3
217,9,5
218,7,0
219,7,1
220,1,0
221,8,1
222,1,2
223,5,2
224,8,4
225,5,3
226,7,3
227,8,0
228,6,4
229,1,4
230,7,5
231,6,4
232,1,4
233,2,4
234,6,2
235,10,0
236,3,1
237,2,3
238,8,1
239,5,4
240,2,2
241,9,0
242,1,2
243,1,3
244,6,5
245,2,3
246,3,2
247,4,2
248,8,0
249,4,2
250,6,2
251,8,0
252,1,2
253,2,4
254,1,0
255,5,1
256,0,4
257,10,0
258,7,1
259,10,5
260,1,5
261,4,0
262,5,1
263,9,2
264,5,3
265,2,0
266,7,5
267,4,2
268,1,1
269,0,2
270,1,5
271,2,5
272,9,3
273,1,2
274,4,2
275,3,0
276,8,2
277,10,0
278,1,2
279,0,1
280,8,0
281,3,4
282,0,2
283,0,5
284,10,2
285,7,3
286,8,1
287,0,2
288,5,0
289,2,2
290,7,0
291,7,0
292,7,0
293,6,1
294,8,4
295,8,5
296,0,2
297,10,3
298,6,4
299,9,0
300,2,1
301,1,0
302,10,2
303,2,2
304,4,4
305,7,3
306,2,5
307,10,4
308,5,1
309,4,5
310,3,2
311,8,3
312,10,4
313,2,2
314,8,0
315,7,5
316,8,5
317,8,3
318,8,1
319,7,4
320,9,3
321,7,0
322,2,5
323,2,3
324,6,3
325,9,4
326,9,3
327,0,3
328,8,4
329,5,0
330,7,3
331,2,3
332,7,3
333,4,1
334,4,3
335,4,5
336,10,4
337,9,4
338,7,2
339,3,5
340,10,5
341,8,1
342,5,2
343,4,5
344,8,4
345,7,0
346,10,3
347,7,0
348,4,2
349,8,0
350,4,4
351,10,1
352,5,0
353,0,3
354,0,5
355,10,3
356,7,3
357,3,4
358,3,4
359,1,2
360,6,3
361,8,5
362,0,2
363,7,4
364,9,1
365,5,1
366,8,1
367,5,1
368,5,4
369,8,2
370,5,5
371,7,5
372,2,1
373,10,4
374,6,3
375,10,2
376,1,1
377,5,4
378,5,2
379,8,5
380,4,5
381,3,3
382,3,2
383,6,1
384,3,3
385,9,2
386,9,0
387,4,3
388,0,1
389,6,0
390,1,5
391,1,0
392,2,5
393,4,4
394,0,4
395,0,2
396,0,1
397,9,0
398,0,2
399,8,3
400,2,3
401,5,0
402,9,4
403,4,2
404,6,4
405,6,4
406,5,3
407,8,0
408,7,3
409,9,5
410,9,5
411,2,0
412,3,3
413,3,0
414,2,4
415,8,0
416,7,0
417,1,4
418,2,1
419,2,3
420,2,2
421,4,1
422,5,0
423,9,4
424,3,4
425,1,1
426,7,5
427,0,1
428,3,1
429,0,5
430,6,4
431,8,3
432,0,2
433,10,3
434,0,1
435,3,2
436,1,1
437,2,2
438,9,4
439,10,1
440,10,1
441,9,3
442,10,3
443,10,2
444,0,1
445,9,4
446,8,5
447,5,1
448,6,2
449,8,4
450,4,5
451,7,5
452,6,5
453,9,5
454,9,1
455,8,3
456,2,2
457,1,3
458,2,4
459,8,4
460,7,4
461,0,3
462,9,4
463,5,5
464,5,4
465,2,3
466,9,3
467,10,5
468,1,0
469,0,0
470,1,2
471,3,2
472,8,2
473,6,0
474,2,5
475,7,4
476,8,1
477,0,5
478,2,0
479,2,1
480,2,0
481,10,1
482,1,0
483,10,3
484,8,4
485,3,4
486,3,3
487,5,1
488,3,4
489,5,3
490,6,0
491,5,4
492,8,3
493,0,2
494,7,5
495,7,1
496,8,4
497,1,4
498,8,0
499,5,4
500,7,0
501,10,4
502,1,4
503,2,4
504,9,5
505,8,0
506,2,2
507,10,0
508,3,3
509,7,4
510,3,0
511,8,0
512,7,4
513,2,5
514,1,2
515,9,0
516,9,5
517,1,3
518,8,3
519,9,0
520,3,5
521,5,0
522,7,0
523,3,2
524,10,4
525,8,5
526,5,2
527,8,3
528,9,5
529,5,4
530,0,1
531,3,3
532,6,0
533,5,4
534,10,1
535,1,5
536,7,5
537,9,3
538,5,4
539,2,4
540,3,0
541,0,3
542,2,4
543,5,1
544,8,1
545,2,4
546,7,5
547,2,3
548,2,2
549,2,1
550,0,2
551,6,3
552,9,2
553,0,0
554,9,0
555,7,0
556,9,1
557,2,0
558,6,2
559,10,3
560,10,0
561,7,1
562,1,5
563,4,0
564,9,3
565,5,0
566,7,1
567,2,3
568,3,0
569,5,4
570,2,0
571,3,3
572,5,1
573,4,2
574,1,1
575,5,2
576,5,0
577,3,0
578,8,1
579,7,0
580,5,4
581,4,3
582,7,2
583,7,2
584,0,4
585,1,4
586,7,4
587,9,1
588,9,1
589,5,4
590,10,1
591,4,1
592,9,5
593,8,2
594,7,3
595,2,2
596,8,4
597,10,3
598,3,5
599,4,2
600,1,3
601,1,1
602,8,5
603,3,4
604,3,0
605,8,4
606,7,1
607,3,1
608,5,5
609,0,5
610,9,5
611,3,4
612,0,0
613,9,4
614,10,1
615,6,5
616,2,2
617,6,0
618,5,2
619,7,0
620,0,2
621,10,1
622,10,5
623,2,3
624,1,5
625,7,1
626,8,0
627,3,4
628,9,2
629,5,3
630,9,0
631,4,5
632,6,2
633,8,2
634,9,2
635,3,2
636,4,0
637,8,3
638,0,5
639,10,1
640,4,0
641,7,3
642,9,4
643,5,1
644,10,0
645,7,1
646,7,1
647,1,0
648,8,2
649,8,5
650,0,1
651,6,0
652,1,4
653,8,3
654,0,5
655,2,1
656,3,1
657,4,2
658,5,0
659,3,0
660,10,4
661,4,0
662,3,0
663,2,1
664,10,2
665,2,3
666,9,3
667,6,0
668,5,5
669,2,4
670,9,2
671,6,5
672,2,2
673,5,3
674,7,0
675,9,1
676,8,0
677,4,1
678,0,2
679,10,2
680,7,2
681,7,0
682,5,0
683,1,4
684,3,4
685,4,1
686,6,5
687,0,3
688,10,0
689,9,3
690,7,0
691,8,4
692,0,4
693,6,2
694,1,4
695,0,4
696,0,4
697,10,5
698,3,2
699,5,3
700,1,0
701,4,5
702,0,4
703,10,4
704,10,3
705,2,5
706,10,5
707,7,1
708,9,1
709,5,2
710,6,5
711,1,0
712,5,0
713,8,1
714,8,2
715,1,5
716,8,1
717,3,0
718,8,1
719,10,3
720,2,1
721,0,3
722,1,3
723,10,2
724,10,1
725,5,4
726,2,5
727,6,2
728,2,3
729,8,2
730,7,4
731,3,1
732,9,2
733,2,2
734,1,2
735,6,2
736,6,0
737,7,3
738,7,4
739,8,2
740,4,2
741,9,2
742,1,2
743,10,5
744,1,5
745,1,4
746,1,3
747,10,2
748,6,3
749,10,0
750,4,2
751,6,5
752,1,0
753,5,2
754,5,2
755,4,5
756,10,0
757,9,0
758,5,0
759,4,3
760,4,0
761,0,4
762,6,3
763,1,4
764,8,1
765,6,1
766,1,5
767,9,4
768,4,4
769,8,0
770,0,1
771,7,0
772,8,5
773,9,2
774,3,4
775,7,1
776,7,1
777,10,5
778,2,2
779,2,2
780,7,1
781,7,5
782,6,2
783,5,3
784,0,2
785,5,1
786,9,3
787,4,0
788,1,4
789,8,4
790,1,0
791,10,0
792,1,5
793,1,5
794,2,1
795,5,5
796,0,0
797,3,0
798,5,3
799,2,1
800,7,2
801,7,1
802,9,2
803,7,2
804,5,1
805,2,2
806,7,2
807,4,4
808,3,0
809,6,0
810,5,2
811,6,3
812,0,5
813,2,1
814,7,0
815,2,5
816,9,5
817,0,4
818,10,4
819,4,1
820,7,1
821,9,1
822,7,1
823,8,2
824,8,3
825,9,4
826,7,1
827,2,5
828,5,3
829,7,2
830,7,4
831,9,5
832,2,4
833,3,0
834,1,0
835,9,1
836,6,1
837,6,3
838,3,3
839,0,4
840,5,4
841,2,3
842,3,5
843,5,2
844,3,4
845,7,0
846,3,1
847,0,2
848,10,1
849,5,3
850,5,4
851,6,0
852,3,3
853,1,1
854,6,3
855,0,5
856,10,5
857,0,2
858,8,1
859,2,5
860,1,0
861,8,5
862,2,5
863,0,0
864,9,3
865,5,2
866,2,2
867,2,4
868,3,0
869,8,3
870,10,2
871,4,0
872,5,0
873,2,3
874,3,3
875,10,5
876,2,0
877,5,4
878,10,2
879,4,1
880,6,0
881,8,3
882,1,4
883,0,3
884,6,1
885,8,5
886,8,1
887,10,3
888,2,3
889,3,0
890,5,4
891,1,1
892,3,1
893,8,1
894,10,2
895,5,4
896,2,1
897,5,1
898,6,4
899,0,2
900,8,0
901,0,4
902,10,4
903,3,2
904,1,4
905,5,0
906,7,5
907,5,2
908,10,1
909,1,5
910,5,5
911,8,2
912,0,4
913,8,0
914,3,0
915,3,3
916,3,5
917,4,2
918,7,3
919,2,1
920,7,4
921,7,1
922,1,4
923,9,0
924,5,3
925,10,5
926,7,0
927,6,0
928,1,5
929,9,0
930,5,5
931,1,3
932,0,2
933,9,1
934,2,2
935,6,3
936,8,4
937,9,4
938,8,4
939,9,2
940,1,1
941,6,3
942,4,1
943,0,4
944,2,3
945,2,2
946,6,2
947,0,1
948,5,0
949,1,0
950,3,2
951,2,5
952,4,4
953,4,1
954,3,5
955,4,5
956,4,4
957,5,1
958,3,4
959,0,2
960,10,0
961,6,2
962,0,5
963,4,0
964,6,5
965,1,3
966,4,1
967,8,4
968,6,2
969,6,3
970,9,0
971,0,0
972,4,5
973,10,2
974,10,4
975,5,2
976,6,4
977,2,1
978,1,3
979,1,3
980,10,0
981,10,5
982,1,1
983,6,0
984,6,2
985,10,3
986,10,5
987,4,4
988,10,1
989,10,3
990,6,5
991,5,1
992,3,2
993,6,0
994,6,3
995,2,5
996,5,2
997,9,4
998,2,0
999,3,0
1000,7,0
1001,2,0
1002,4,4
1003,3,3
1004,5,4
1005,5,5
1006,6,3
1007,3,2
1008,6,4
1009,1,4
1010,4,3
1011,4,5
1012,1,2
1013,3,4
1014,2,3
1015,10,1
1016,4,0
1017,2,1
1018,10,4
1019,8,2
1020,3,4
1021,5,4
1022,4,4
1023,7,2
1024,1,2
1025,2,5
1026,9,0
1027,4,2
1028,2,4
1029,0,0
1030,5,2
1031,7,0
1032,0,3
1033,2,5
1034,3,5
1035,1,0
1036,5,2
1037,6,0
1038,7,1
1039,3,1
1040,2,3
1041,8,1
1042,10,1
1043,9,1
1044,6,4
1045,2,5
1046,0,3
1047,9,0
1048,7,4
1049,8,2
1050,7,1
1051,9,1
1052,1,2
1053,10,5
1054,10,1
1055,3,4
1056,7,4
1057,3,3
1058,0,2
1059,9,2
1060,0,0
1061,7,1
1062,3,4
1063,3,3
1064,1,1
1065,2,4
1066,1,0
1067,6,4
1068,9,2
1069,7,2
1070,10,0
1071,7,3
1072,1,5
1073,9,2
1074,4,4
1075,10,0
1076,8,0
1077,2,5
1078,5,3
1079,8,1
1080,2,4
1081,8,0
1082,4,1
1083,5,2
1084,5,3
1085,9,3
1086,8,0
1087,5,4
1088,3,4
1089,3,5
1090,10,1
1091,6,3
1092,3,0
1093,2,2
1094,5,5
1095,5,3
1096,8,2
1097,9,4
1098,0,1
1099,1,4
1100,5,4
1101,6,2
1102,7,2
1103,8,4
1104,10,1
1105,6,1
1106,9,0
1107,4,3
1108,7,3
1109,1,4
1110,2,5
1111,10,4
1112,5,1
1113,4,5
1114,1,2
1115,10,2
1116,6,1
1117,6,4
1118,4,0
1119,2,1
1120,7,0
1121,2,2
1122,4,0
1123,7,5
1124,0,3
1125,6,2
1126,1,0
1127,9,1
1128,0,3
1129,2,4
1130,7,5
1131,9,1
1132,8,1
1133,3,5
1134,7,0
1135,1,4
1136,2,0
1137,9,5
1138,0,0
1139,4,2
1140,9,5
1141,10,2
1142,4,5
1143,3,1
1144,9,2
1145,3,1
1146,3,5
1147,1,0
1148,7,0
1149,2,0
1150,0,1
1151,2,1
1152,6,2
1153,4,0
1154,0,3
1155,1,1
1156,5,4
1157,4,5
1158,10,5
1159,4,1
1160,1,2
1161,2,0
1162,2,4
1163,6,3
1164,9,1
1165,6,0
1166,2,2
1167,4,0
1168,2,0
1169,1,1
1170,10,5
1171,6,5
1172,1,4
1173,7,1
1174,8,0
1175,3,3
1176,7,5
1177,0,1
1178,9,2
1179,3,0
1180,3,1
1181,10,5
1182,9,5
1183,7,5
1184,2,1
1185,6,4
1186,3,2
1187,1,4
1188,2,4
1189,8,4
1190,10,2
1191,0,2
1192,4,5
1193,3,5
1194,4,2
1195,10,3
1196,8,4
1197,7,1
1198,5,3
1199,6,0
1200,2,5
1201,4,0
1202,8,4
1203,9,0
1204,4,5
1205,6,0
1206,3,3
1207,8,0
1208,1,4
1209,6,0
1210,3,2
1211,3,5
1212,10,0
1213,9,1
1214,2,1
1215,3,0
1216,10,5
1217,5,1
1218,4,0
1219,5,1
1220,6,1
1221,0,5
1222,8,4
1223,6,5
1224,4,3
1225,9,4
1226,8,3
1227,9,5
1228,2,0
1229,7,1
1230,4,1
1231,8,3
1232,10,3
1233,7,3
1234,8,5
1235,10,3
1236,1,5
1237,10,3
1238,3,3
1239,1,3
1240,7,0
1241,1,2
1242,2,0
1243,7,2
1244,10,2
1245,2,1
1246,2,1
1247,8,5
1248,8,4
1249,10,5
1250,5,3
1251,7,4
1252,7,2
1253,10,2
1254,8,5
1255,10,3
1256,5,3
1257,0,3
1258,10,2
1259,2,2
1260,1,1
1261,3,3
1262,0,2
1263,1,0
1264,5,4
1265,0,1
1266,6,1
1267,2,4
1268,0,1
1269,1,5
1270,1,2
1271,3,4
1272,6,1
1273,7,1
1274,5,0
1275,9,5
1276,3,5
1277,2,5
1278,5,5
1279,6,2
1280,0,2
1281,10,1
1282,3,5
1283,2,5
1284,3,5
1285,10,0
1286,3,4
1287,10,4
1288,0,3
1289,4,3
1290,7,5
1291,4,0
1292,5,1
1293,8,3
1294,9,4
1295,0,3
1296,7,3
1297,5,5
1298,10,2
1299,8,1
1300,0,1
1301,5,2
1302,8,0
1303,6,1
1304,9,4
1305,5,1
1306,1,4
1307,2,3
1308,2,4
1309,6,3
1310,10,0
1311,2,0
1312,3,2
1313,1,1
1314,8,5
1315,10,4
1316,1,4
1317,1,1
1318,9,2
1319,8,3
1320,3,0
1321,3,0
1322,9,5
1323,4,0
1324,4,2
1325,4,1
1326,4,5
1327,5,5
1328,10,3
1329,4,3
1330,3,0
1331,6,1
1332,6,2
1333,0,2
1334,9,4
1335,0,3
1336,6,3
1337,6,4
1338,2,0
1339,6,4
1340,4,3
1341,6,4
1342,1,3
1343,3,1
1344,8,3
1345,6,5
1346,8,3
1347,4,5
1348,0,5
1349,3,3
1350,3,5
1351,7,1
1352,2,2
1353,5,4
1354,1,4
1355,7,4
1356,10,5
1357,1,2
1358,0,0
1359,6,2
1360,8,5
1361,3,4
1362,0,5
1363,9,3
1364,4,4
1365,6,0
1366,0,3
1367,10,0
1368,6,4
1369,8,4
1370,6,4
1371,4,3
1372,0,2
1373,3,0
1374,3,2
1375,9,2
1376,3,1
1377,6,4
1378,3,4
1379,10,4
1380,4,5
1381,3,2
1382,8,4
1383,4,0
1384,3,4
1385,6,4
1386,7,3
1387,2,0
1388,0,2
1389,1,0
1390,2,4
1391,4,0
1392,10,1
1393,9,4
1394,9,2
1395,5,2
1396,0,0
1397,5,3
1398,10,5
1399,3,2
1400,10,4
1401,8,4
1402,10,4
1403,5,0
1404,4,1
1405,6,4
1406,5,2
1407,3,0
1408,5,1
1409,1,1
1410,8,1
1411,9,3
1412,1,3
1413,6,5
1414,9,4
1415,8,1
1416,4,4
1417,8,2
1418,10,0
1419,1,5
1420,5,2
1421,10,5
1422,5,5
1423,8,0
1424,3,4
1425,2,2
1426,8,3
1427,10,5
1428,3,2
1429,1,2
1430,8,2
1431,6,5
1432,5,1
1433,7,5
1434,1,0
1435,1,1
1436,9,1
1437,5,1
1438,0,5
1439,8,4
1440,4,2
1441,5,1
1442,9,5
1443,9,2
1444,3,1
1445,0,1
1446,9,1
1447,2,5
1448,6,4
1449,8,3
1450,3,3
1451,9,3
1452,2,1
1453,0,1
1454,6,1
1455,7,5
1456,9,5
1457,8,0
1458,2,3
1459,0,0
1460,1,4
1461,10,5
1462,6,2
1463,1,2
1464,3,3
1465,6,3
1466,9,0
1467,10,1
1468,0,0
1469,2,2
1470,7,5
1471,0,5
1472,0,5
1473,2,5
1474,1,4
1475,10,3
1476,1,5
1477,8,4
1478,4,5
1479,4,4
1480,9,1
1481,3,0
1482,7,0
1483,2,3
1484,10,1
1485,6,3
1486,1,4
1487,9,5
1488,3,5
1489,2,4
1490,4,4
1491,2,4
1492,4,2
1493,0,1
1494,8,4
1495,4,5
1496,6,4
1497,3,0
1498,0,5
1499,0,5
1500,5,1
1501,0,4
1502,7,4
1503,9,1
1504,5,3
1505,6,1
1506,2,2
1507,8,3
1508,8,4
1509,8,5
1510,9,5
1511,2,5
1512,6,4
1513,4,4
1514,0,3
1515,9,3
1516,5,5
1517,9,5
1518,2,4
1519,2,1
1520,9,3
1521,4,1
1522,9,4
1523,8,4
1524,6,4
1525,5,5
1526,3,2
1527,8,1
1528,5,2
1529,5,0
1530,0,3
1531,10,2
1532,1,2
1533,7,5
1534,10,1
1535,6,3
1536,10,2
1537,8,1
1538,9,3
1539,4,4
1540,0,4
1541,9,2
1542,2,3
1543,1,3
1544,4,3
1545,5,5
1546,9,4
1547,2,5
1548,6,4
1549,2,1
1550,6,4
1551,8,2
1552,7,0
1553,1,5
1554,3,4
1555,6,5
1556,0,2
1557,0,1
1558,7,4
1559,8,5
1560,9,0
1561,2,3
1562,5,4
1563,9,0
1564,5,5
1565,5,3
1566,9,3
1567,1,2
1568,8,4
1569,6,1
1570,9,2
1571,8,0
1572,2,3
1573,2,0
1574,6,3
1575,0,0
1576,10,3
1577,0,4
1578,3,2
1579,4,2
1580,7,3
1581,5,1
1582,9,3
1583,1,0
1584,3,3
1585,5,2
1586,6,3
1587,2,4
1588,8,0
1589,1,4
1590,3,3
1591,0,5
1592,5,5
1593,4,1
1594,1,0
1595,10,1
1596,9,5
1597,2,5
1598,2,5
1599,6,5
1600,10,4
1601,2,1
1602,4,2
1603,10,2
1604,3,0
1605,5,4
1606,9,4
1607,6,3
1608,8,1
1609,2,3
1610,10,5
1611,4,4
1612,6,1
1613,4,4
1614,6,2
1615,8,4
1616,5,5
1617,0,0
1618,9,5
1619,10,0
1620,5,5
1621,8,2
1622,5,1
1623,6,0
1624,10,3
1625,2,5
1626,8,0
1627,8,3
1628,6,1
1629,1,5
1630,8,5
1631,7,3
1632,6,4
1633,2,0
1634,9,0
1635,3,1
1636,1,2
1637,0,0
1638,7,5
1639,9,5
1640,4,3
1641,4,5
1642,8,5
1643,3,5
1644,7,5
1645,4,0
1646,5,0
1647,6,5
1648,2,5
1649,10,2
1650,1,1
1651,5,3
1652,6,0
1653,8,4
1654,6,5
1655,0,1
1656,3,2
1657,0,1
1658,10,2
1659,0,0
1660,0,3
1661,6,4
1662,10,4
1663,9,1
1664,6,2
1665,7,5
1666,3,5
1667,2,5
1668,7,4
1669,3,5
1670,10,0
1671,1,0
1672,3,1
1673,0,5
1674,4,3
1675,9,2
1676,4,0
1677,0,5
1678,6,3
1679,0,3
1680,0,5
1681,2,2
1682,4,2
1683,6,5
1684,7,0
1685,6,4
1686,3,1
1687,6,4
1688,10,3
1689,3,2
1690,5,3
1691,2,2
1692,5,1
1693,0,4
1694,6,4
1695,8,5
1696,2,2
1697,3,4
1698,8,5
1699,0,2
1700,5,3
1701,4,2
1702,3,1
1703,0,4
1704,8,5
1705,7,4
1706,1,2
1707,0,3
1708,5,4
1709,5,0
1710,3,2
1711,6,5
1712,6,5
1713,0,3
1714,8,2
1715,0,4
1716,0,3
1717,4,2
1718,9,1
1719,1,0
1720,4,0
1721,5,4
1722,3,4
1723,3,3
1724,2,1
1725,4,5
1726,1,3
1727,7,0
1728,5,1
1729,8,4
1730,9,3
1731,9,4
1732,1,1
1733,3,4
1734,5,3
1735,4,3
1736,4,3
1737,0,4
1738,4,0
1739,5,0
1740,7,2
1741,2,3
1742,9,5
1743,7,1
1744,1,1
1745,7,4
1746,4,1
1747,10,2
1748,1,0
1749,10,5
1750,10,5
1751,7,4
1752,4,5
1753,1,2
1754,1,4
1755,0,5
1756,9,5
1757,10,0
1758,0,0
1759,0,5
1760,1,3
1761,5,0
1762,4,1
1763,0,3
1764,6,5
1765,6,2
1766,8,0
1767,1,0
1768,8,5
1769,1,1
1770,1,3
1771,4,0
1772,6,4
1773,3,0
1774,0,5
1775,7,0
1776,5,1
1777,8,2
1778,8,1
1779,3,4
1780,4,3
1781,2,1
1782,4,0
1783,1,3
1784,4,4
1785,4,0
1786,3,4
1787,9,0
1788,5,2
1789,10,2
1790,3,3
1791,7,2
1792,1,3
1793,1,0
1794,9,5
1795,3,0
1796,7,0
1797,9,2
1798,2,1
1799,8,2
1800,9,5
1801,5,2
1802,0,0
1803,2,4
1804,4,0
1805,5,4
1806,2,1
1807,4,2
1808,6,1
1809,9,1
1810,0,5
1811,4,0
1812,9,5
1813,1,1
1814,3,2
1815,2,2
1816,10,3
1817,5,0
1818,6,0
1819,6,0
1820,4,4
1821,9,1
1822,5,4
1823,5,5
1824,6,4
1825,8,1
1826,7,5
1827,9,5
1828,10,4
1829,6,5
1830,5,0
1831,1,5
1832,3,1
1833,1,4
1834,0,1
1835,8,2
1836,6,2
1837,6,0
1838,1,3
1839,9,3
1840,9,2
1841,4,3
1842,8,0
1843,8,1
1844,8,0
1845,7,4
1846,0,0
1847,6,4
1848,6,4
1849,8,5
1850,5,1
1851,1,1
1852,10,1
1853,10,4
1854,3,3
1855,8,2
1856,1,3
1857,5,5
1858,5,0
1859,6,0
1860,5,3
1861,10,0
1862,9,3
1863,0,4
1864,9,5
1865,4,0
1866,8,0
1867,1,2
1868,4,0
1869,9,0
1870,5,2
1871,6,2
1872,0,4
1873,5,0
1874,4,3
1875,5,2
1876,3,1
1877,8,2
1878,4,0
1879,5,0
1880,5,2
1881,5,4
1882,4,3
1883,4,4
1884,5,2
1885,1,4
1886,7,2
1887,3,1
1888,1,1
1889,8,2
1890,10,0
1891,9,0
1892,5,3
1893,5,4
1894,0,3
1895,5,4
1896,5,4
1897,8,1
1898,7,5
1899,0,1
1900,4,5
1901,0,0
1902,3,3
1903,5,3
1904,1,2
1905,9,0
1906,7,0
1907,4,1
1908,8,4
1909,9,0
1910,4,5
1911,10,1
1912,10,4
1913,2,1
1914,3,3
1915,3,1
1916,1,5
1917,6,4
1918,2,3
1919,10,5
1920,2,5
1921,9,5
1922,4,0
1923,4,2
1924,3,1
1925,9,5
1926,6,1
1927,10,0
1928,6,5
1929,6,3
1930,8,4
1931,9,0
1932,7,5
1933,6,3
1934,8,3
1935,8,0
1936,9,2
1937,7,1
1938,8,0
1939,4,5
1940,8,1
1941,6,2
1942,9,4
1943,1,4
1944,10,1
1945,8,1
1946,6,4
1947,9,5
1948,2,0
1949,4,2
1950,9,2
1951,9,5
1952,2,3
1953,9,3
1954,4,0
1955,9,3
1956,4,2
1957,2,5
1958,0,4
1959,4,1
1960,6,2
1961,0,2
1962,2,4
1963,2,5
1964,4,5
1965,1,1
1966,7,1
1967,7,5
1968,10,4
1969,7,0
1970,3,5
1971,4,1
1972,5,1
1973,1,4
1974,5,4
1975,8,0
1976,3,2
1977,0,4
1978,6,5
1979,2,5
1980,3,1
1981,10,3
1982,10,4
1983,6,2
1984,2,3
1985,8,4
1986,9,2
1987,1,1
1988,2,0
1989,9,4
1990,5,0
1991,2,2
1992,8,5
1993,7,1
1994,5,2
1995,10,0
1996,2,2
1997,9,4
1998,9,1
1999,4,2
2000,9,2
2001,6,3
2002,4,0
2003,5,0
2004,3,5
2005,4,2
2006,5,4
2007,7,5
2008,0,2
2009,4,4
2010,7,4
2011,8,5
2012,0,4
2013,2,2
2014,5,4
2015,7,3
2016,8,5
2017,1,1
2018,9,4
2019,4,0
2020,10,1
2021,10,0
2022,9,0
2023,6,3
2024,5,4
2025,9,3
2026,9,0
2027,9,1
2028,7,5
2029,0,5
2030,9,3
2031,2,3
2032,4,4
2033,1,2
2034,10,3
2035,8,3
2036,7,5
2037,10,3
2038,6,1
2039,7,0
2040,0,0
2041,9,1
2042,3,0
2043,2,1
2044,4,2
2045,6,2
2046,6,2
2047,3,5
2048,2,4
2049,8,5
2050,8,4
2051,0,0
2052,5,1
2053,9,5
2054,7,5
2055,2,5
2056,7,0
2057,7,2
2058,3,5
2059,10,2
2060,3,5
2061,10,0
2062,3,3
2063,3,5
2064,6,3
2065,7,2
2066,2,0
2067,5,5
2068,8,4
2069,5,1
2070,5,3
2071,2,0
2072,9,4
2073,9,3
2074,4,1
2075,6,2
2076,2,3
2077,0,1
2078,9,4
2079,10,1
2080,0,0
2081,9,4
2082,10,2
2083,4,1
2084,6,2
2085,0,4
2086,5,5
2087,10,1
2088,8,0
2089,0,0
2090,8,1
2091,3,3
2092,10,5
2093,4,5
2094,8,1
2095,2,2
2096,3,0
2097,2,4
2098,0,3
2099,3,1
2100,3,0
2101,5,4
2102,7,1
2103,8,2
2104,3,1
2105,4,3
2106,7,1
2107,9,1
2108,4,1
2109,10,4
2110,5,5
2111,10,3
2112,9,2
2113,9,0
2114,8,4
2115,1,3
2116,4,0
2117,2,5
2118,3,1
2119,10,0
2120,10,0
2121,10,4
2122,7,2
2123,7,0
2124,10,2
2125,5,2
2126,7,3
2127,4,1
2128,8,4
2129,5,5
2130,1,1
2131,8,5
2132,1,0
2133,6,3
2134,0,4
2135,0,5
2136,2,3
2137,1,0
2138,4,5
2139,4,3
2140,10,4
2141,5,0
2142,0,3
2143,3,2
2144,9,3
2145,3,0
2146,1,0
2147,7,2
2148,0,0
2149,7,3
2150,2,3
2151,3,5
2152,9,0
2153,4,1
2154,9,0
2155,2,0
2156,8,1
2157,8,0
2158,1,4
2159,2,4
2160,8,2
2161,9,2
2162,2,0
2163,1,4
2164,6,2
2165,10,2
2166,1,5
2167,0,4
2168,4,2
2169,0,3
2170,8,3
2171,0,1
2172,0,4
2173,1,1
2174,1,5
2175,3,2
2176,10,0
2177,10,5
2178,5,0
2179,9,5
2180,9,0
2181,4,0
2182,5,4
2183,3,3
2184,1,0
2185,1,4
2186,8,1
2187,6,1
2188,0,5
2189,4,2
2190,4,4
2191,8,4
2192,6,1
2193,6,0
2194,10,4
2195,5,4
2196,1,0
2197,4,4
2198,2,0
2199,2,4
2200,4,0
2201,7,4
2202,6,0
2203,10,2
2204,2,1
2205,2,4
2206,8,5
2207,3,1
2208,10,5
2209,5,3
2210,7,2
2211,7,1
2212,10,5
2213,3,4
2214,1,3
2215,4,2
2216,7,3
2217,6,3
2218,9,2
2219,2,4
2220,4,3
2221,7,3
2222,0,2
2223,10,0
2224,8,0
2225,4,1
2226,3,1
2227,1,1
2228,6,1
2229,10,4
2230,8,2
2231,3,1
2232,3,2
2233,0,0
2234,1,0
2235,6,3
2236,2,5
2237,10,4
2238,4,5
2239,1,4
2240,1,3
2241,9,5
2242,0,3
2243,1,3
2244,7,2
2245,9,1
2246,6,4
2247,8,0
2248,8,5
2249,7,1
2250,5,0
2251,2,2
2252,2,0
2253,2,3
2254,9,0
2255,7,2
2256,1,4
2257,1,4
2258,3,0
2259,5,5
2260,5,3
2261,6,0
2262,1,1
2263,7,3
2264,8,5
2265,9,3
2266,1,2
2267,10,1
2268,2,1
2269,0,1
2270,10,0
2271,10,1
2272,10,5
2273,10,4
2274,0,4
2275,3,2
2276,2,3
2277,0,1
2278,10,4
2279,4,5
2280,7,1
2281,9,0
2282,1,3
2283,0,1
2284,4,4
2285,4,4
2286,4,0
2287,2,5
2288,2,5
2289,9,3
2290,8,3
2291,4,4
2292,0,3
2293,3,5
2294,4,5
2295,1,1
2296,1,3
2297,8,1
2298,9,4
2299,6,4
2300,8,5
2301,6,1
2302,5,2
2303,6,1
2304,5,4
2305,0,5
2306,6,1
2307,2,4
2308,0,3
2309,7,3
2310,7,4
2311,1,2
2312,1,1
2313,1,5
2314,4,3
2315,4,1
2316,9,4
2317,8,3
2318,8,5
2319,6,0
2320,2,2
2321,2,4
2322,1,1
2323,4,5
2324,7,2
2325,9,1
2326,7,1
2327,7,3
2328,4,0
2329,1,4
2330,1,0
2331,3,4
2332,10,3
2333,7,4
2334,2,3
2335,8,1
2336,1,3
2337,8,0
2338,7,3
2339,10,2
2340,2,1
2341,7,4
2342,9,3
2343,10,3
2344,2,2
2345,6,4
2346,8,4
2347,4,0
2348,5,5
2349,1,0
2350,9,4
2351,0,0
2352,9,4
2353,8,1
2354,10,5
2355,0,1
2356,1,0
2357,7,1
2358,10,4
2359,8,1
2360,0,1
2361,4,3
2362,10,0
2363,8,0
2364,3,1
2365,8,1
2366,10,5
2367,5,4
2368,9,2
2369,10,3
2370,7,2
2371,8,3
2372,1,1
2373,7,0
2374,7,1
2375,7,3
2376,5,3
2377,4,4
2378,6,2
2379,1,1
2380,3,5
2381,0,5
2382,10,2
2383,9,3
2384,1,0
2385,9,0
2386,4,2
2387,10,4
2388,9,0
2389,0,2
2390,2,3
2391,7,1
2392,0,0
2393,9,5
2394,0,1
2395,5,2
2396,3,2
2397,4,3
2398,7,2
2399,8,5
2400,6,3
2401,8,3
2402,1,3
2403,10,1
2404,2,5
2405,0,1
2406,1,5
2407,9,4
2408,0,4
2409,4,2
2410,1,4
2411,3,2
2412,4,1
2413,0,4
2414,6,2
2415,6,1
2416,10,4
2417,5,3
2418,10,0
2419,3,4
2420,3,4
2421,2,0
2422,5,3
2423,1,1
2424,3,4
2425,2,3
2426,6,2
2427,5,1
2428,4,1
2429,1,3
2430,7,1
2431,1,2
2432,0,3
2433,10,1
2434,5,3
2435,6,1
2436,1,5
2437,10,0
2438,9,4
2439,1,2
2440,0,2
2441,1,1
2442,0,1
2443,1,2
2444,7,0
2445,5,0
2446,1,0
2447,7,0
2448,0,4
2449,8,1
2450,1,1
2451,6,0
2452,0,4
2453,7,0
2454,8,5
2455,4,4
2456,8,5
2457,4,4
2458,6,4
2459,2,5
2460,7,2
2461,1,2
2462,7,5
2463,10,3
2464,8,1
2465,0,2
2466,10,3
2467,2,0
2468,1,4
2469,7,5
2470,10,5
2471,2,0
2472,4,0
2473,4,5
2474,6,0
2475,0,1
2476,2,5
2477,3,5
2478,9,2
2479,8,3
2480,7,1
2481,8,5
2482,9,3
2483,6,1
2484,10,0
2485,2,4
2486,6,4
2487,8,4
2488,10,1
2489,10,2
2490,4,2
2491,4,4
2492,3,0
2493,5,0
2494,8,4
2495,6,0
2496,5,4
2497,4,1
2498,1,1
2499,7,4
2500,9,2
2501,10,0
2502,0,5
2503,3,5
2504,5,2
2505,5,3
2506,4,1
2507,0,3
2508,6,2
2509,2,0
2510,6,3
2511,3,3
2512,6,4
2513,5,5
2514,4,2
2515,7,3
2516,9,5
2517,10,3
2518,8,5
2519,4,0
2520,7,3
2521,1,0
2522,10,3
2523,9,5
2524,3,2
2525,3,4
2526,3,3
2527,5,0
2528,5,1
2529,9,3
2530,6,4
2531,10,3
2532,0,0
2533,3,4
2534,2,0
2535,2,0
2536,8,0
2537,8,3
2538,1,3
2539,6,0
2540,5,5
2541,9,2
2542,0,4
2543,9,4
2544,10,0
2545,4,4
2546,3,2
2547,0,1
2548,2,4
2549,0,3
2550,5,4
2551,10,2
2552,4,3
2553,3,5
2554,10,2
2555,2,1
2556,8,0
2557,8,1
2558,3,3
2559,8,3
2560,1,1
2561,3,1
2562,10,0
2563,0,4
2564,5,1
2565,10,0
2566,9,2
2567,9,5
2568,4,4
2569,10,1
2570,6,1
2571,0,2
2572,10,5
2573,6,5
2574,3,3
2575,5,0
2576,0,5
2577,6,0
2578,0,3
2579,10,5
2580,5,2
2581,4,2
2582,7,5
2583,9,1
2584,3,4
2585,0,3
2586,5,5
2587,8,1
2588,5,3
2589,9,1
2590,3,3
2591,3,5
2592,1,4
2593,4,2
2594,2,0
2595,8,3
2596,9,4
2597,5,2
2598,10,5
2599,7,4
2600,0,5
2601,3,3
2602,5,5
2603,3,0
2604,10,5
2605,1,3
2606,10,4
2607,1,1
2608,3,0
2609,3,0
2610,7,2
2611,2,0
2612,9,2
2613,7,0
2614,3,5
2615,9,5
2616,4,1
2617,10,4
2618,0,1
2619,10,0
2620,3,1
2621,7,4
2622,2,5
2623,5,1
2624,5,0
2625,5,4
2626,7,1
2627,10,5
2628,3,1
2629,4,2
2630,1,0
2631,6,2
2632,1,0
2633,10,3
2634,6,0
2635,3,3
2636,2,5
2637,9,4
2638,9,2
2639,5,5
2640,2,5
2641,3,0
2642,0,4
2643,8,5
2644,7,2
2645,1,5
2646,5,1
2647,6,5
2648,4,4
2649,8,2
2650,7,0
2651,3,5
2652,5,0
2653,9,2
2654,6,3
2655,0,3
2656,4,4
2657,4,0
2658,2,0
2659,8,0
2660,7,5
2661,2,4
2662,8,2
2663,7,1
2664,0,4
2665,8,0
2666,7,1
2667,6,4
2668,9,0
2669,4,4
2670,6,4
2671,10,1
2672,7,0
2673,8,4
2674,4,4
2675,9,3
2676,10,5
2677,1,5
2678,9,1
2679,4,5
2680,2,0
2681,7,5
2682,4,5
2683,0,3
2684,10,1
2685,6,4
2686,7,4
2687,3,5
2688,5,4
2689,4,2
2690,10,3
2691,3,4
2692,9,1
2693,7,0
2694,5,0
2695,3,5
2696,4,0
2697,2,1
2698,8,0
2699,7,1
2700,10,4
2701,6,4
2702,3,4
2703,7,1
2704,0,2
2705,10,3
2706,5,1
2707,2,4
2708,7,0
2709,10,3
2710,8,0
2711,7,3
2712,7,3
2713,6,2
2714,3,5
2715,1,4
2716,3,5
2717,1,0
2718,3,2
2719,3,3
2720,6,0
2721,0,2
2722,5,3
2723,3,4
2724,5,0
2725,9,5
2726,9,3
2727,3,5
2728,7,0
2729,10,2
2730,1,1
2731,9,0
2732,9,0
2733,0,0
2734,5,2
2735,10,4
2736,10,5
2737,10,5
2738,2,5
2739,2,3
2740,9,0
2741,8,2
2742,1,0
2743,5,1
2744,9,5
2745,1,0
2746,8,3
2747,4,2
2748,2,5
2749,1,4
2750,6,4
2751,7,5
2752,8,3
2753,10,3
2754,5,4
2755,8,1
2756,1,0
2757,5,4
2758,1,1
2759,3,0
2760,9,0
2761,4,2
2762,2,2
2763,1,2
2764,4,4
2765,1,5
2766,4,2
2767,8,0
2768,10,2
2769,10,3
2770,3,1
2771,9,5
2772,5,3
2773,3,5
2774,0,0
2775,0,3
2776,5,4
2777,7,2
2778,8,3
2779,8,0
2780,9,5
2781,4,1
2782,6,4
2783,1,1
2784,10,0
2785,2,5
2786,3,0
2787,0,1
2788,7,1
2789,10,4
2790,1,3
2791,2,3
2792,5,1
2793,5,1
2794,5,2
2795,0,3
2796,10,4
2797,10,4
2798,0,3
2799,5,2
2800,8,4
2801,9,3
2802,7,0
2803,1,1
2804,1,3
2805,5,2
2806,1,3
2807,3,5
2808,1,3
2809,2,3
2810,7,4
2811,10,3
2812,4,3
2813,8,5
2814,2,1
2815,6,4
2816,6,2
2817,7,3
2818,1,4
2819,6,1
2820,5,5
2821,4,2
2822,9,4
2823,2,1
2824,3,0
2825,1,4
2826,5,3
2827,4,4
2828,4,0
2829,2,1
2830,9,2
2831,9,3
2832,6,2
2833,10,2
2834,9,2
2835,2,0
2836,3,5
2837,10,5
2838,3,4
2839,5,1
2840,7,3
2841,10,3
2842,8,0
2843,0,3
2844,2,5
2845,7,0
2846,7,0
2847,4,4
2848,6,5
2849,6,3
2850,6,2
2851,9,1
2852,5,0
2853,4,4
2854,3,1
2855,4,0
2856,2,1
2857,2,2
2858,1,1
2859,5,3
2860,0,4
2861,6,0
2862,2,1
2863,2,2
2864,6,0
2865,9,1
2866,4,5
2867,3,0
2868,2,1
2869,10,2
2870,5,1
2871,10,1
2872,9,2
2873,9,0
2874,10,3
2875,4,5
2876,4,1
2877,7,5
2878,7,0
2879,2,2
2880,5,0
2881,4,0
2882,7,3
2883,5,1
2884,10,3
2885,0,0
2886,3,3
2887,0,0
2888,3,1
2889,0,0
2890,9,1
2891,8,2
2892,3,4
2893,10,4
2894,2,0
2895,7,5
2896,4,1
2897,7,1
2898,6,1
2899,7,5
2900,8,1
2901,8,0
2902,4,2
2903,9,0
2904,0,3
2905,8,3
2906,4,2
2907,3,4
2908,2,1
2909,3,5
2910,5,1
2911,6,3
2912,8,3
2913,5,4
2914,8,3
2915,9,1
2916,6,3
2917,6,4
2918,4,4
2919,5,1
2920,1,1
2921,10,0
2922,5,1
2923,10,5
2924,1,1
2925,0,5
2926,2,0
2927,0,5
2928,0,2
2929,4,4
2930,8,1
2931,7,1
2932,6,1
2933,2,5
2934,10,5
2935,9,5
2936,0,1
2937,6,1
2938,6,2
2939,5,5
2940,10,1
2941,0,1
2942,10,2
2943,5,3
2944,1,0
2945,6,0
2946,10,1
2947,8,5
2948,1,2
2949,4,0
2950,8,4
2951,1,4
2952,10,3
2953,9,4
2954,4,0
2955,6,5
2956,8,2
2957,2,5
2958,3,5
2959,7,4
2960,2,0
2961,10,5
2962,2,0
2963,1,2
2964,10,3
2965,3,0
2966,4,4
2967,10,0
2968,0,0
2969,2,3
2970,4,0
2971,0,3
2972,10,1
2973,4,5
2974,9,4
2975,5,0
2976,10,5
2977,7,5
2978,4,1
2979,7,0
2980,3,5
2981,2,2
2982,2,0
2983,9,2
2984,5,3
2985,8,0
2986,6,0
2987,3,5
2988,2,3
2989,3,4
2990,9,0
2991,0,2
2992,8,5
2993,1,3
2994,5,1
2995,1,3
2996,6,0
2997,4,4
2998,3,1
2999,0,1
3000,3,1
3001,8,2
3002,2,5
3003,10,1
3004,10,3
3005,6,3
3006,5,0
3007,4,5
3008,9,1
3009,8,3
3010,4,3
3011,7,0
3012,5,2
3013,4,2
3014,7,0
3015,6,0
3016,7,0
3017,1,1
3018,0,1
3019,7,4
3020,7,5
3021,5,4
3022,10,2
3023,4,0
3024,1,2
3025,1,4
3026,10,1
3027,0,5
3028,6,0
3029,8,4
3030,8,1
3031,1,2
3032,9,2
3033,2,1
3034,2,0
3035,4,5
3036,1,4
3037,3,5
3038,5,0
3039,9,2
3040,1,2
3041,5,2
3042,4,0
3043,2,1
3044,1,0
3045,7,3
3046,7,3
3047,3,3
3048,6,1
3049,3,2
3050,4,0
3051,5,3
3052,5,2
3053,6,4
3054,3,0
3055,8,5
3056,2,0
3057,3,0
3058,10,5
3059,10,4
3060,0,5
3061,5,5
3062,6,1
3063,9,2
3064,6,0
3065,10,2
3066,5,1
3067,4,2
3068,9,4
3069,3,1
3070,10,4
3071,2,0
3072,2,2
3073,5,0
3074,3,1
3075,6,2
3076,1,4
3077,7,4
3078,9,5
3079,8,1
3080,3,5
3081,3,2
3082,1,3
3083,2,0
3084,5,1
3085,7,2
3086,1,3
3087,0,4
3088,10,5
3089,1,4
3090,5,2
3091,10,2
3092,2,5
3093,9,0
3094,7,5
3095,3,2
3096,6,5
3097,9,5
3098,7,1
3099,10,3
3100,7,3
3101,0,4
3102,4,1
3103,3,3
3104,7,2
3105,8,4
3106,7,2
3107,10,5
3108,5,1
3109,5,3
3110,3,3
3111,5,0
3112,1,3
3113,0,3
3114,8,2
3115,4,5
3116,9,2
3117,7,5
3118,4,0
3119,3,5
3120,5,4
3121,6,2
3122,5,2
3123,1,3
3124,9,0
3125,1,5
3126,1,2
3127,6,4
3128,10,2
3129,9,0
3130,3,5
3131,1,0
3132,5,0
3133,9,3
3134,6,5
3135,9,5
3136,2,5
3137,7,2
3138,9,2
3139,7,3
3140,9,2
3141,2,0
3142,4,3
3143,9,0
3144,7,1
3145,7,0
3146,6,0
3147,5,3
3148,7,2
3149,10,4
3150,4,5
3151,4,1
3152,1,2
3153,2,0
3154,0,5
3155,3,1
3156,2,5
3157,0,3
3158,7,3
3159,0,4
3160,2,2
3161,1,5
3162,0,5
3163,0,0
3164,2,2
3165,0,4
3166,7,4
3167,4,5
3168,1,3
3169,1,2
3170,0,3
3171,6,3
3172,10,1
3173,6,2
3174,8,2
3175,5,1
3176,5,3
3177,4,4
3178,2,5
3179,1,0
3180,0,5
3181,4,1
3182,10,4
3183,10,2
3184,5,2
3185,5,4
3186,5,1
3187,9,5
3188,5,4
3189,6,2
3190,6,2
3191,7,4
3192,10,3
3193,2,4
3194,3,1
3195,6,4
3196,1,0
3197,1,5
3198,6,4
3199,2,2
3200,4,2
3201,0,4
3202,0,2
3203,2,2
3204,7,1
3205,1,0
3206,8,2
3207,2,0
3208,0,4
3209,6,1
3210,3,5
3211,6,3
3212,1,4
3213,8,1
3214,9,3
3215,0,1
3216,10,5
3217,7,0
3218,10,2
3219,9,4
3220,4,3
3221,6,3
3222,9,3
3223,1,2
3224,0,4
3225,5,1
3226,5,1
3227,5,5
3228,5,0
3229,2,1
3230,2,0
3231,10,3
3232,8,3
3233,0,3
3234,0,2
3235,3,4
3236,5,5
3237,3,1
3238,2,2
3239,4,2
3240,8,4
3241,9,2
3242,6,3
3243,3,0
3244,3,3
3245,9,5
3246,0,0
3247,7,5
3248,6,1
3249,3,0
3250,1,2
3251,3,2
3252,6,0
3253,5,4
3254,4,0
3255,3,3
3256,0,0
3257,7,4
3258,6,0
3259,8,2
3260,6,1
3261,5,1
3262,10,2
3263,9,1
3264,6,0
3265,5,4
3266,0,2
3267,7,2
3268,8,4
3269,3,1
3270,6,2
3271,6,2
3272,2,1
3273,10,3
3274,7,1
3275,1,2
3276,7,5
3277,6,1
3278,0,1
3279,1,3
3280,5,2
3281,6,5
3282,6,0
3283,1,1
3284,9,0
3285,5,4
3286,10,4
3287,0,3
3288,6,1
3289,5,0
3290,8,5
3291,6,3
3292,1,0
3293,4,1
3294,8,1
3295,4,4
3296,0,0
3297,9,1
3298,7,1
3299,3,2
3300,3,2
3301,3,3
3302,9,2
3303,6,4
3304,6,5
3305,1,4
3306,9,0
3307,0,1
3308,0,2
3309,5,2
3310,4,1
3311,4,0
3312,4,2
3313,5,0
3314,2,1
3315,9,4
3316,3,2
3317,8,4
3318,0,1
3319,5,4
3320,8,0
3321,6,4
3322,4,3
3323,3,2
3324,7,1
3325,9,5
3326,1,3
3327,7,5
3328,3,1
3329,1,2
3330,5,0
3331,6,5
3332,8,1
3333,5,4
3334,2,1
3335,10,3
3336,9,0
3337,1,5
3338,8,5
3339,6,1
3340,10,5
3341,4,4
3342,6,0
3343,8,3
3344,10,4
3345,9,0
3346,7,3
3347,9,5
3348,2,1
3349,9,0
3350,5,2
3351,9,4
3352,8,2
3353,1,5
3354,7,5
3355,0,1
3356,7,4
3357,1,4
3358,3,5
3359,10,0
3360,7,3
3361,1,4
3362,2,0
3363,7,3
3364,9,0
3365,1,1
3366,7,0
3367,9,3
3368,7,3
3369,10,4
3370,5,0
3371,7,3
3372,5,4
3373,3,4
3374,6,4
3375,6,4
3376,1,5
3377,3,1
3378,0,5
3379,2,4
3380,4,4
3381,1,5
3382,2,1
3383,8,5
3384,4,1
3385,4,0
3386,4,4
3387,3,3
3388,4,2
3389,2,4
3390,1,1
3391,10,0
3392,6,3
3393,10,5
3394,0,5
3395,8,1
3396,4,1
3397,9,5
3398,7,1
3399,5,2
3400,7,2
3401,8,3
3402,1,4
3403,6,1
3404,9,4
3405,7,2
3406,6,0
3407,4,2
3408,1,4
3409,6,5
3410,3,3
3411,10,1
3412,2,4
3413,4,4
3414,4,1
3415,8,0
3416,0,1
3417,9,3
3418,2,5
3419,8,1
3420,8,5
3421,4,0
3422,9,4
3423,10,3
3424,2,4
3425,6,5
3426,8,1
3427,10,3
3428,9,1
3429,6,3
3430,2,5
3431,9,0
3432,7,3
3433,1,0
3434,3,0
3435,0,5
3436,4,0
3437,5,1
3438,5,5
3439,5,3
3440,1,3
3441,7,3
3442,8,5
3443,10,2
3444,7,0
3445,7,4
3446,9,5
3447,2,1
3448,8,5
3449,7,0
3450,4,1
3451,10,0
3452,2,2
3453,0,1
3454,4,3
3455,9,0
3456,1,5
3457,9,1
3458,3,5
3459,2,5
3460,4,4
3461,1,1
3462,3,4
3463,6,0
3464,4,5
3465,4,1
3466,1,4
3467,0,5
3468,6,0
3469,8,5
3470,1,1
3471,7,4
3472,5,1
3473,1,4
3474,7,4
3475,7,3
3476,7,3
3477,6,2
3478,0,4
3479,8,5
3480,5,1
3481,0,4
3482,7,4
3483,8,4
3484,1,2
3485,6,5
3486,0,2
3487,9,0
3488,1,1
3489,9,5
3490,0,3
3491,2,0
3492,5,0
3493,4,3
3494,6,2
3495,5,2
3496,7,2
3497,4,3
3498,4,2
3499,10,0
3500,7,2
3501,8,1
3502,1,5
3503,5,0
3504,10,2
3505,8,2
3506,2,1
3507,5,5
3508,4,4
3509,1,1
3510,9,4
3511,8,1
3512,9,0
3513,6,3
3514,2,2
3515,7,2
3516,5,4
3517,2,3
3518,2,0
3519,7,0
3520,7,0
3521,6,1
3522,7,3
3523,4,1
3524,4,4
3525,5,1
3526,3,5
3527,0,5
3528,7,3
3529,9,1
3530,5,0
3531,9,1
3532,7,5
3533,2,4
3534,7,1
3535,0,4
3536,8,0
3537,1,1
3538,3,4
3539,4,2
3540,2,2
3541,9,5
3542,7,1
3543,9,1
3544,3,3
3545,5,4
3546,9,0
3547,8,3
3548,1,1
3549,7,0
3550,0,0
3551,10,5
3552,9,5
3553,4,1
3554,6,2
3555,0,3
3556,1,3
3557,0,4
3558,2,5
3559,2,3
3560,10,2
3561,1,4
3562,0,3
3563,9,5
3564,3,1
3565,7,2
3566,7,0
3567,0,4
3568,10,2
3569,6,5
3570,7,5
3571,6,3
3572,2,1
3573,6,5
3574,3,0
3575,5,0
3576,6,3
3577,1,0
3578,5,0
3579,9,1
3580,10,2
3581,5,5
3582,2,4
3583,7,2
3584,10,4
3585,4,5
3586,9,0
3587,9,5
3588,2,3
3589,3,4
3590,5,3
3591,4,2
3592,3,2
3593,3,5
3594,5,5
3595,6,5
3596,1,5
3597,0,4
3598,9,1
3599,3,3
3600,3,2
3601,8,2
3602,3,4
3603,5,1
3604,9,3
3605,2,4
3606,2,5
3607,1,0
3608,9,1
3609,9,3
3610,4,1
3611,5,0
3612,4,2
3613,5,4
3614,9,1
3615,3,5
3616,1,3
3617,4,1
3618,2,0
3619,5,1
3620,1,3
3621,6,1
3622,10,5
3623,9,3
3624,6,2
3625,4,1
3626,3,3
3627,2,4
3628,7,0
3629,9,0
3630,7,5
3631,0,4
3632,3,5
3633,10,5
3634,7,5
3635,1,2
3636,0,2
3637,6,2
3638,2,3
3639,2,4
3640,0,5
3641,3,1
3642,3,0
3643,1,0
3644,8,0
3645,2,4
3646,5,1
3647,7,3
3648,1,0
3649,6,1
3650,2,5
3651,3,2
3652,8,5
3653,6,3
3654,1,1
3655,1,5
3656,4,2
3657,3,0
3658,1,2
3659,2,0
3660,6,4
3661,2,5
3662,9,3
3663,8,1
3664,8,5
3665,6,0
3666,10,0
3667,2,1
3668,7,5
3669,9,4
3670,4,1
3671,2,2
3672,4,5
3673,1,5
3674,8,1
3675,7,0
3676,2,2
3677,0,2
3678,10,3
3679,9,1
3680,8,5
3681,7,1
3682,5,2
3683,4,2
3684,6,4
3685,10,0
3686,3,2
3687,2,3
3688,5,1
3689,8,1
3690,9,4
3691,3,4
3692,3,3
3693,0,0
3694,3,4
3695,8,5
3696,9,0
3697,0,4
3698,6,4
3699,6,3
3700,5,3
3701,3,1
3702,2,0
3703,3,2
3704,8,5
3705,5,2
3706,8,4
3707,5,2
3708,10,4
3709,8,2
3710,4,5
3711,8,4
3712,5,4
3713,0,2
3714,4,0
3715,9,5
3716,8,0
3717,10,4
3718,10,0
3719,8,0
3720,0,1
3721,7,5
3722,4,4
3723,3,5
3724,3,4
3725,10,2
3726,2,1
3727,4,3
3728,1,4
3729,1,0
3730,2,0
3731,4,4
3732,10,5
3733,3,5
3734,9,4
3735,0,5
3736,0,1
3737,4,5
3738,0,4
3739,8,2
3740,10,4
3741,0,5
3742,6,4
3743,6,5
3744,7,2
3745,8,0
3746,10,4
3747,7,4
3748,8,2
3749,4,0
3750,6,0
3751,5,0
3752,2,2
3753,4,5
3754,0,5
3755,6,1
3756,4,4
3757,8,4
3758,9,0
3759,10,1
3760,1,1
3761,9,0
3762,8,0
3763,10,2
3764,2,5
3765,4,4
3766,10,2
3767,3,0
3768,5,5
3769,4,2
3770,10,1
3771,10,4
3772,0,3
3773,2,1
3774,5,1
3775,1,3
3776,9,2
3777,4,5
3778,6,5
3779,8,0
3780,4,4
3781,2,2
3782,7,1
3783,9,4
3784,10,0
3785,9,4
3786,8,1
3787,2,5
3788,10,5
3789,7,2
3790,4,5
3791,8,0
3792,8,4
3793,0,1
3794,3,5
3795,9,5
3796,5,1
3797,6,2
3798,9,4
3799,5,4
3800,9,0
3801,1,1
3802,0,2
3803,9,4
3804,1,1
3805,9,0
3806,1,1
3807,9,0
3808,4,2
3809,3,4
3810,8,4
3811,7,5
3812,5,5
3813,3,4
3814,5,1
3815,9,3
3816,8,2
3817,6,5
3818,6,1
3819,8,0
3820,4,2
3821,9,3
3822,6,4
3823,9,3
3824,7,2
3825,10,3
3826,10,2
3827,9,4
3828,1,4
3829,10,4
3830,8,3
3831,3,2
3832,5,5
3833,4,4
3834,8,0
3835,10,2
3836,5,4
3837,4,5
3838,9,3
3839,4,5
3840,8,2
3841,8,3
3842,0,4
3843,3,1
3844,1,4
3845,8,3
3846,2,3
3847,8,2
3848,4,4
3849,3,4
3850,4,1
3851,7,4
3852,5,4
3853,8,3
3854,2,0
3855,10,3
3856,6,4
3857,6,4
3858,1,4
3859,10,3
3860,1,3
3861,4,5
3862,5,0
3863,3,2
3864,6,1
3865,2,2
3866,8,5
3867,1,1
3868,4,1
3869,1,3
3870,9,5
3871,9,2
3872,1,1
3873,9,5
3874,6,1
3875,2,4
3876,8,2
3877,0,5
3878,5,2
3879,1,5
3880,9,0
3881,5,4
3882,3,2
3883,1,1
3884,3,4
3885,8,2
3886,6,3
3887,7,3
3888,9,0
3889,9,5
3890,6,0
3891,4,4
3892,10,0
3893,4,1
3894,2,1
3895,6,5
3896,1,3
3897,1,3
3898,9,2
3899,6,0
3900,10,0
3901,7,5
3902,2,4
3903,8,4
3904,0,5
3905,6,0
3906,6,0
3907,0,0
3908,6,1
3909,4,0
3910,5,2
3911,4,1
3912,6,4
3913,5,3
3914,5,0
3915,3,0
3916,9,1
3917,7,2
3918,3,2
3919,3,0
3920,9,3
3921,9,3
3922,9,5
3923,8,3
3924,9,0
3925,3,4
3926,9,4
3927,7,4
3928,3,0
3929,0,0
3930,1,0
3931,0,4
3932,8,1
3933,4,1
3934,8,4
3935,6,0
3936,2,4
3937,1,0
3938,0,2
3939,5,2
3940,3,4
3941,8,3
3942,2,2
3943,2,2
3944,8,0
3945,1,1
3946,9,2
3947,8,5
3948,5,4
3949,10,1
3950,5,1
3951,2,0
3952,3,0
3953,0,4
3954,9,5
3955,2,5
3956,5,0
3957,10,0
3958,9,0
3959,4,5
3960,0,1
3961,9,0
3962,5,4
3963,0,1
3964,8,5
3965,9,4
3966,3,4
3967,2,3
3968,2,3
3969,1,0
3970,4,2
3971,1,3
3972,6,0
3973,6,2
3974,5,5
3975,0,4
3976,9,1
3977,7,2
3978,4,0
3979,0,1
3980,7,0
3981,5,1
3982,0,3
3983,7,4
3984,5,3
3985,3,2
3986,0,4
3987,6,5
3988,0,0
3989,9,0
3990,8,0
3991,4,5
3992,8,0
3993,7,1
3994,7,2
3995,0,2
3996,1,4
3997,5,5
3998,9,5
3999,6,4
4000,7,4
4001,4,5
4002,8,1
4003,9,0
4004,1,1
4005,2,1
4006,2,4
4007,8,0
4008,4,1
4009,1,0
4010,3,5
4011,5,2
4012,3,5
4013,5,3
4014,9,5
4015,10,4
4016,8,0
4017,0,4
4018,6,0
4019,0,0
4020,1,5
4021,1,2
4022,2,0
4023,7,3
4024,4,2
4025,6,2
4026,9,0
4027,8,3
4028,2,5
4029,1,1
4030,10,5
4031,2,0
4032,2,2
4033,9,5
4034,9,0
4035,4,4
4036,10,4
4037,0,0
4038,0,0
4039,6,3
4040,0,3
4041,2,0
4042,6,3
4043,10,5
4044,8,1
4045,2,0
4046,4,5
4047,0,1
4048,2,0
4049,4,5
4050,9,5
4051,9,4
4052,4,4
4053,9,1
4054,9,3
4055,2,5
4056,10,0
4057,2,4
4058,2,2
4059,10,2
4060,5,2
4061,5,3
4062,9,0
4063,8,3
4064,7,5
4065,5,4
4066,5,0
4067,3,0
4068,1,3
4069,3,5
4070,7,2
4071,8,1
4072,0,5
4073,2,4
4074,5,1
4075,5,4
4076,2,1
4077,9,2
4078,0,5
4079,0,0
4080,8,1
4081,9,1
4082,8,1
4083,8,4
4084,4,1
4085,0,0
4086,0,0
4087,5,4
4088,8,5
4089,2,0
4090,8,0
4091,10,4
4092,6,2
4093,1,0
4094,2,0
4095,10,0
4096,6,2
4097,5,2
4098,2,2
4099,5,3
4100,0,2
4101,5,5
4102,2,4
4103,9,1
4104,9,2
4105,6,0
4106,2,3
4107,10,4
4108,7,3
4109,0,2
4110,2,3
4111,8,3
4112,9,1
4113,6,1
4114,3,0
4115,7,2
4116,0,0
4117,6,3
4118,6,1
4119,10,5
4120,4,2
4121,9,4
4122,9,5
4123,6,5
4124,1,5
4125,8,5
4126,8,3
4127,5,4
4128,3,1
4129,4,3
4130,10,1
4131,9,5
4132,3,5
4133,7,3
4134,5,3
4135,8,0
4136,2,3
4137,5,0
4138,9,0
4139,2,5
4140,0,0
4141,9,5
4142,7,2
4143,10,4
4144,0,4
4145,10,1
4146,8,2
4147,2,3
4148,2,1
4149,0,0
4150,10,3
4151,0,3
4152,10,0
4153,2,4
4154,5,1
4155,6,5
4156,5,0
4157,7,0
4158,8,2
4159,5,1
4160,10,5
4161,1,0
4162,7,0
4163,5,0
4164,7,4
4165,5,0
4166,6,0
4167,5,5
4168,9,2
4169,1,3
4170,9,4
4171,9,0
4172,3,0
4173,1,1
4174,5,3
4175,8,0
4176,0,0
4177,0,1
4178,8,5
4179,0,4
4180,4,3
4181,0,1
4182,0,0
4183,0,4
4184,3,5
4185,0,4
4186,7,1
4187,4,3
4188,7,2
4189,5,0
4190,10,3
4191,5,3
4192,8,3
4193,3,4
4194,1,2
4195,0,0
4196,2,4
4197,10,3
4198,5,2
4199,8,3
4200,1,0
4201,2,3
4202,1,3
4203,7,1
4204,0,5
4205,8,4
4206,10,4
4207,4,4
4208,4,3
4209,4,1
4210,2,5
4211,8,4
4212,9,1
4213,10,1
4214,10,4
4215,4,3
4216,9,2
4217,9,5
4218,6,4
4219,5,3
4220,0,0
4221,5,2
4222,0,0
4223,10,2
4224,9,4
4225,3,3
4226,3,0
4227,3,1
4228,0,1
4229,6,0
4230,10,1
4231,0,1
4232,1,0
4233,2,5
4234,0,2
4235,5,1
4236,1,5
4237,4,4
4238,0,1
4239,0,1
4240,9,1
4241,10,1
4242,8,1
4243,1,2
4244,9,3
4245,5,5
4246,4,2
4247,8,0
4248,1,3
4249,1,3
4250,5,4
4251,7,2
4252,5,1
4253,9,2
4254,9,4
4255,1,3
4256,8,2
4257,2,3
4258,7,3
4259,6,4
4260,7,2
4261,0,3
4262,3,5
4263,6,0
4264,0,5
4265,2,5
4266,0,4
4267,7,2
4268,10,1
4269,6,0
4270,0,0
4271,10,4
4272,6,3
4273,6,4
4274,1,2
4275,4,5
4276,9,2
4277,0,1
4278,2,4
4279,7,0
4280,7,0
4281,6,5
4282,5,1
4283,6,3
4284,4,2
4285,7,5
4286,1,0
4287,1,4
4288,8,0
4289,5,0
4290,10,3
4291,0,5
4292,2,1
4293,1,3
4294,10,5
4295,3,5
4296,1,2
4297,7,0
4298,6,0
4299,10,0
4300,0,2
4301,4,5
4302,0,0
4303,1,1
4304,5,0
4305,0,3
4306,7,0
4307,7,0
4308,8,3
4309,4,3
4310,1,5
4311,4,0
4312,5,3
4313,7,0
4314,9,2
4315,2,5
4316,2,3
4317,8,5
4318,4,0
4319,0,3
4320,2,0
4321,0,0
4322,2,5
4323,4,2
4324,6,2
4325,2,5
4326,4,3
4327,3,5
4328,7,3
4329,10,3
4330,3,0
4331,0,5
4332,5,5
4333,1,1
4334,10,0
4335,8,0
4336,7,1
4337,4,1
4338,2,5
4339,2,2
4340,4,5
4341,3,0
4342,5,4
4343,0,4
4344,2,4
4345,3,2
4346,5,3
4347,4,1
4348,5,1
4349,9,0
4350,2,1
4351,7,2
4352,10,0
4353,8,4
4354,5,0
4355,8,5
4356,0,5
4357,8,3
4358,6,4
4359,7,3
4360,2,3
4361,9,4
4362,10,1
4363,2,5
4364,1,0
4365,4,5
4366,5,0
4367,2,2
4368,3,0
4369,10,3
4370,6,4
4371,1,2
4372,3,0
4373,7,3
4374,6,5
4375,9,3
4376,7,5
4377,5,3
4378,2,3
4379,8,0
4380,1,0
4381,4,3
4382,10,0
4383,1,0
4384,10,1
4385,1,4
4386,0,2
4387,3,3
4388,2,2
4389,0,3
4390,1,5
4391,7,1
4392,4,0
4393,2,1
4394,3,0
4395,1,5
4396,8,0
4397,7,1
4398,0,3
4399,8,1
4400,0,4
4401,2,2
4402,4,2
4403,2,0
4404,7,3
4405,7,0
4406,2,3
4407,9,2
4408,2,0
4409,9,5
4410,10,1
4411,1,0
4412,1,2
4413,1,4
4414,6,3
4415,8,1
4416,3,5
4417,10,4
4418,1,4
4419,9,1
4420,4,0
4421,5,4
4422,2,5
4423,1,0
4424,8,3
4425,2,4
4426,4,5
4427,6,5
4428,0,4
4429,9,4
4430,5,5
4431,0,1
4432,9,4
4433,8,0
4434,5,4
4435,0,2
4436,8,4
4437,6,2
4438,0,4
4439,7,3
4440,1,3
4441,10,2
4442,4,3
4443,0,2
4444,4,0
4445,2,1
4446,8,1
4447,4,2
4448,2,3
4449,8,2
4450,8,0
4451,0,4
4452,6,2
4453,6,3
4454,10,3
4455,10,4
4456,7,3
4457,8,2
4458,2,0
4459,1,5
4460,4,5
4461,0,4
4462,1,3
4463,4,3
4464,7,5
4465,6,5
4466,4,5
4467,2,2
4468,7,2
4469,1,3
4470,1,3
4471,9,3
4472,6,0
4473,3,3
4474,7,1
4475,7,4
4476,9,5
4477,6,0
4478,9,0
4479,8,1
4480,0,0
4481,5,4
4482,1,2
4483,0,2
4484,10,1
4485,10,4
4486,1,5
4487,10,0
4488,5,4
4489,9,0
4490,2,1
4491,8,2
4492,6,3
4493,5,3
4494,8,4
4495,4,2
4496,7,4
4497,7,5
4498,0,1
4499,5,4
4500,8,4
4501,5,5
4502,2,4
4503,4,3
4504,7,2
4505,1,0
4506,2,3
4507,4,5
4508,7,4
4509,10,4
4510,2,0
4511,8,1
4512,10,2
4513,1,3
4514,3,4
4515,7,2
4516,6,1
4517,1,3
4518,4,4
4519,9,0
4520,9,1
4521,9,1
4522,3,3
4523,0,1
4524,4,3
4525,5,5
4526,4,2
4527,9,4
4528,4,0
4529,7,1
4530,10,5
4531,2,3
4532,10,5
4533,8,4
4534,8,1
4535,10,4
4536,10,5
4537,3,0
4538,0,4
4539,0,1
4540,0,4
4541,2,0
4542,2,5
4543,0,5
4544,2,2
4545,4,5
4546,8,2
4547,1,1
4548,4,4
4549,10,2
4550,8,5
4551,10,2
4552,0,1
4553,4,3
4554,8,1
4555,8,0
4556,8,1
4557,5,5
4558,7,5
4559,9,3
4560,4,2
4561,1,2
4562,8,1
4563,6,2
4564,6,1
4565,0,1
4566,7,3
4567,5,2
4568,4,5
4569,7,1
4570,2,1
4571,7,3
4572,5,5
4573,1,5
4574,0,0
4575,5,3
4576,8,2
4577,10,5
4578,8,5
4579,3,5
4580,0,1
4581,2,2
4582,6,2
4583,2,2
4584,8,0
4585,0,1
4586,7,5
4587,9,1
4588,8,4
4589,4,4
4590,1,5
4591,3,2
4592,3,0
4593,9,5
4594,1,2
4595,7,3
4596,0,2
4597,6,4
4598,5,2
4599,6,0
4600,0,5
4601,2,5
4602,4,4
4603,7,1
4604,2,1
4605,7,5
4606,9,4
4607,1,1
4608,8,1
4609,6,0
4610,2,2
4611,6,2
4612,7,5
4613,6,0
4614,2,0
4615,3,1
4616,2,4
4617,1,4
4618,5,5
4619,7,0
4620,5,3
4621,0,4
4622,7,0
4623,9,5
4624,1,3
4625,7,0
4626,8,4
4627,9,2
4628,6,0
4629,0,4
4630,0,3
4631,6,3
4632,6,1
4633,3,5
4634,2,0
4635,2,1
4636,4,3
4637,4,2
4638,0,1
4639,0,4
4640,4,4
4641,5,5
4642,1,0
4643,1,0
4644,10,5
4645,4,0
4646,6,2
4647,5,1
4648,5,4
4649,1,5
4650,10,2
4651,3,5
4652,10,2
4653,6,0
4654,6,2
4655,8,5
4656,0,0
4657,7,4
4658,1,4
4659,2,1
4660,4,0
4661,4,5
4662,8,3
4663,7,5
4664,10,4
4665,6,4
4666,2,0
4667,8,2
4668,8,0
4669,3,2
4670,9,3
4671,8,3
4672,8,2
4673,7,4
4674,3,3
4675,3,1
4676,9,5
4677,1,4
4678,7,5
4679,0,3
4680,0,1
4681,1,1
4682,8,2
4683,5,0
4684,7,3
4685,1,4
4686,2,2
4687,2,2
4688,2,4
4689,6,0
4690,0,1
4691,0,4
4692,2,5
4693,1,3
4694,6,0
4695,4,1
4696,4,5
4697,6,0
4698,8,5
4699,2,1
4700,1,3
4701,6,3
4702,5,0
4703,3,2
4704,7,2
4705,2,5
4706,3,2
4707,8,1
4708,9,3
4709,6,2
4710,3,2
4711,1,2
4712,7,4
4713,6,3
4714,10,2
4715,5,3
4716,1,2
4717,0,4
4718,6,2
4719,10,3
4720,0,2
4721,4,3
4722,5,5
4723,7,5
4724,2,2
4725,10,3
4726,9,1
4727,2,0
4728,4,3
4729,2,5
4730,4,2
4731,6,2
4732,5,1
4733,9,3
4734,3,1
4735,4,0
4736,7,2
4737,4,5
4738,10,4
4739,8,0
4740,2,1
4741,8,4
4742,0,4
4743,5,3
4744,6,1
4745,9,0
4746,3,1
4747,4,4
4748,0,3
4749,8,2
4750,5,3
4751,4,2
4752,2,0
4753,3,3
4754,10,4
4755,6,5
4756,0,5
4757,2,0
4758,2,1
4759,8,2
4760,0,4
4761,8,5
4762,0,3
4763,2,2
4764,6,5
4765,8,3
4766,4,5
4767,2,2
4768,9,2
4769,8,0
4770,9,3
4771,2,3
4772,7,3
4773,4,5
4774,2,5
4775,9,0
4776,10,3
4777,2,5
4778,5,2
4779,3,5
4780,3,1
4781,0,1
4782,1,4
4783,1,3
4784,4,2
4785,3,1
4786,1,4
4787,7,2
4788,7,5
4789,1,0
4790,0,5
4791,0,3
4792,5,3
4793,2,0
4794,8,0
4795,2,2
4796,7,2
4797,7,5
4798,2,5
4799,7,3
4800,7,4
4801,3,4
4802,0,3
4803,9,0
4804,3,1
4805,6,5
4806,2,3
4807,0,5
4808,3,3
4809,5,3
4810,5,2
4811,2,3
4812,2,2
4813,0,0
4814,7,2
4815,0,0
4816,10,3
4817,6,0
4818,7,1
4819,4,3
4820,4,3
4821,1,0
4822,6,3
4823,6,0
4824,9,4
4825,8,2
4826,10,1
4827,7,3
4828,10,4
4829,1,5
4830,3,2
4831,6,5
4832,0,0
4833,2,2
4834,6,4
4835,5,2
4836,1,0
4837,4,0
4838,4,5
4839,6,2
4840,7,4
4841,0,2
4842,1,1
4843,10,2
4844,10,5
4845,4,4
4846,7,2
4847,8,1
4848,5,3
4849,8,5
4850,2,4
4851,9,0
4852,2,0
4853,6,0
4854,7,4
4855,9,2
4856,7,2
4857,5,0
4858,8,3
4859,8,4
4860,9,4
4861,4,2
4862,10,2
4863,3,4
4864,10,2
4865,2,3
4866,9,3
4867,3,0
4868,0,3
4869,1,0
4870,6,2
4871,1,2
4872,5,1
4873,9,2
4874,9,3
4875,1,2
4876,4,3
4877,8,3
4878,7,1
4879,4,0
4880,7,5
4881,10,5
4882,4,4
4883,6,4
4884,10,2
4885,7,5
4886,0,1
4887,0,3
4888,0,3
4889,0,4
4890,10,0
4891,10,5
4892,8,3
4893,5,1
4894,5,0
4895,6,2
4896,8,1
4897,7,1
4898,8,4
4899,6,0
4900,3,3
4901,8,4
4902,1,4
4903,6,1
4904,10,4
4905,5,4
4906,9,1
4907,2,2
4908,1,5
4909,9,4
4910,6,5
4911,4,4
4912,4,3
4913,4,3
4914,9,3
4915,6,3
4916,10,0
4917,8,2
4918,0,1
4919,1,4
4920,3,3
4921,5,4
4922,9,5
4923,5,5
4924,10,4
4925,1,4
4926,0,2
4927,7,0
4928,1,0
4929,6,4
4930,1,5
4931,9,1
4932,0,4
4933,7,2
4934,8,1
4935,8,5
4936,7,5
4937,6,5
4938,9,5
4939,6,3
4940,10,2
4941,4,1
4942,0,5
4943,8,3
4944,0,4
4945,3,1
4946,0,5
4947,2,0
4948,4,2
4949,4,2
4950,2,4
4951,7,3
4952,2,5
4953,10,5
4954,4,5
4955,3,5
4956,10,4
4957,0,0
4958,2,0
4959,4,2
4960,8,4
4961,2,4
4962,7,1
4963,1,2
4964,10,2
4965,3,5
4966,3,3
4967,8,5
4968,6,3
4969,1,3
4970,3,0
4971,9,4
4972,10,2
4973,9,1
4974,10,2
4975,6,3
4976,3,3
4977,0,5
4978,7,4
4979,3,0
4980,7,4
4981,5,0
4982,2,5
4983,8,0
4984,4,4
4985,0,4
4986,4,3
4987,7,0
4988,2,3
4989,9,3
4990,1,5
4991,8,5
4992,2,5
4993,8,0
4994,7,5
4995,10,3
4996,5,3
4997,5,4
4998,7,4
4999,7,2
5000,1,5
5001,9,2
5002,2,5
5003,8,0
5004,2,4
5005,1,0
5006,10,4
5007,1,0
5008,10,5
5009,9,5
5010,3,0
5011,10,1
5012,4,4
5013,9,2
5014,9,5
5015,3,0
5016,1,3
5017,7,1
5018,2,4
5019,7,0
5020,8,4
5021,10,5
5022,8,5
5023,9,0
5024,2,5
5025,1,1
5026,4,0
5027,4,3
5028,10,5
5029,1,3
5030,6,2
5031,3,3
5032,3,3
5033,1,2
5034,5,0
5035,1,5
5036,9,4
5037,3,0
5038,7,3
5039,7,5
5040,9,1
5041,0,2
5042,7,4
5043,1,2
5044,3,4
5045,0,0
5046,6,0
5047,4,0
5048,4,1
5049,1,1
5050,0,4
5051,3,3
5052,7,2
5053,1,1
5054,0,1
5055,1,5
5056,4,4
5057,0,5
5058,3,1
5059,2,3
5060,9,2
5061,8,3
5062,5,0
5063,1,5
5064,6,3
5065,0,5
5066,1,2
5067,8,0
5068,1,5
5069,7,5
5070,5,0
5071,8,3
5072,9,4
5073,9,5
5074,1,0
5075,0,3
5076,9,3
5077,8,5
5078,5,5
5079,3,0
5080,8,5
5081,8,4
5082,4,0
5083,8,4
5084,8,4
5085,4,1
5086,8,5
5087,3,4
5088,7,5
5089,8,5
5090,10,3
5091,6,1
5092,2,2
5093,2,3
5094,5,3
5095,10,2
5096,4,3
5097,5,2
5098,8,2
5099,4,5
5100,10,5
5101,6,3
5102,5,5
5103,8,4
5104,8,3
5105,3,0
5106,3,3
5107,5,0
5108,2,3
5109,3,2
5110,0,5
5111,1,2
5112,6,1
5113,6,2
5114,2,4
5115,8,3
5116,8,0
5117,3,5
5118,2,5
5119,6,4
5120,9,1
5121,2,2
5122,3,5
5123,2,1
5124,0,4
5125,3,5
5126,7,2
5127,8,5
5128,4,5
5129,5,2
5130,3,4
5131,0,4
5132,0,3
5133,3,2
5134,8,1
5135,0,5
5136,3,2
5137,1,1
5138,1,0
5139,0,2
5140,6,2
5141,6,1
5142,0,4
5143,3,2
5144,0,1
5145,5,0
5146,6,5
5147,0,1
5148,4,1
5149,4,3
5150,3,0
5151,10,1
5152,7,2
5153,1,1
5154,5,5
5155,3,5
5156,3,2
5157,8,0
5158,1,4
5159,6,4
5160,0,2
5161,4,3
5162,7,5
5163,5,4
5164,4,2
5165,8,2
5166,1,1
5167,7,4
5168,9,0
5169,3,1
5170,2,5
5171,5,1
5172,7,1
5173,9,1
5174,2,0
5175,1,4
5176,7,1
5177,6,2
5178,4,0
5179,1,5
5180,2,4
5181,7,2
5182,3,4
5183,5,1
5184,8,1
5185,5,0
5186,3,0
5187,0,2
5188,8,5
5189,8,2
5190,8,0
5191,1,3
5192,4,5
5193,1,0
5194,4,3
5195,1,3
5196,0,0
5197,2,4
5198,2,1
5199,9,5
5200,8,0
5201,10,4
5202,0,1
5203,3,0
5204,0,0
5205,6,3
5206,6,1
5207,8,1
5208,9,3
5209,2,0
5210,6,5
5211,8,4
5212,0,3
5213,8,3
5214,8,3
5215,6,1
5216,0,1
5217,4,5
5218,10,2
5219,9,4
5220,10,0
5221,5,5
5222,9,5
5223,6,2
5224,4,1
5225,3,3
5226,10,3
5227,8,2
5228,9,0
5229,10,5
5230,0,1
5231,1,4
5232,1,4
5233,9,5
5234,4,2
5235,9,4
5236,7,0
5237,0,0
5238,5,0
5239,4,2
5240,9,3
5241,1,4
5242,4,3
5243,10,4
5244,2,4
5245,10,3
5246,6,3
5247,1,4
5248,8,5
5249,2,1
5250,10,2
5251,2,3
5252,2,4
5253,4,4
5254,0,0
5255,1,1
5256,0,0
5257,5,2
5258,3,0
5259,4,4
5260,4,5
5261,5,4
5262,8,0
5263,8,1
5264,6,5
5265,7,1
5266,10,1
5267,2,2
5268,8,1
5269,4,4
5270,6,0
5271,2,5
5272,4,0
5273,9,1
5274,3,5
5275,2,2
5276,5,0
5277,9,4
5278,5,5
5279,7,5
5280,4,5
5281,0,1
5282,9,1
5283,9,5
5284,4,3
5285,0,2
5286,0,3
5287,9,1
5288,5,5
5289,10,0
5290,1,5
5291,8,5
5292,7,5
5293,9,2
5294,3,4
5295,5,4
5296,1,1
5297,6,2
5298,9,0
5299,5,3
5300,2,4
5301,5,4
5302,8,1
5303,5,0
5304,10,2
5305,4,0
5306,2,3
5307,10,0
5308,6,5
5309,5,3
5310,4,3
5311,6,0
5312,0,5
5313,10,4
5314,4,4
5315,8,4
5316,3,3
5317,10,3
5318,8,5
5319,0,3
5320,6,4
5321,10,0
5322,5,3
5323,8,1
5324,4,5
5325,2,4
5326,6,4
5327,3,1
5328,3,2
5329,8,5
5330,5,3
5331,5,3
5332,4,2
5333,5,4
5334,0,1
5335,4,5
5336,6,2
5337,3,4
5338,8,4
5339,5,2
5340,6,3
5341,6,1
5342,5,0
5343,5,4
5344,2,2
5345,5,2
5346,10,5
5347,6,3
5348,9,3
5349,6,2
5350,1,5
5351,10,5
5352,3,0
5353,1,3
5354,3,3
5355,5,5
5356,8,5
5357,1,4
5358,4,0
5359,9,2
5360,0,0
5361,0,2
5362,0,0
5363,5,4
5364,0,3
5365,6,2
5366,0,1
5367,3,1
5368,3,0
5369,0,4
5370,9,1
5371,0,2
5372,1,2
5373,5,3
5374,9,2
5375,8,2
5376,1,1
5377,10,2
5378,9,0
5379,6,0
5380,8,1
5381,0,0
5382,1,5
5383,10,1
5384,3,1
5385,6,2
5386,6,3
5387,5,2
5388,8,4
5389,4,3
5390,2,1
5391,10,4
5392,4,2
5393,3,4
5394,4,4
5395,2,5
5396,4,1
5397,1,2
5398,6,5
5399,4,5
5400,9,0
5401,8,4
5402,0,2
5403,1,5
5404,10,4
5405,4,1
5406,10,2
5407,2,4
5408,10,2
5409,3,1
5410,3,0
5411,0,3
5412,8,0
5413,7,1
5414,4,1
5415,7,4
5416,10,1
5417,4,4
5418,0,1
5419,1,1
5420,4,0
5421,8,4
5422,6,0
5423,2,4
5424,5,4
5425,7,1
5426,7,3
5427,9,1
5428,6,3
5429,10,3
5430,5,5
5431,9,5
5432,10,1
5433,5,2
5434,6,3
5435,5,4
5436,7,1
5437,7,3
5438,0,1
5439,1,3
5440,8,4
5441,6,1
5442,2,4
5443,7,3
5444,2,2
5445,8,0
5446,3,1
5447,2,2
5448,1,0
5449,0,0
5450,5,2
5451,7,3
5452,9,5
5453,8,3
5454,10,3
5455,2,1
5456,6,1
5457,6,3
5458,0,3
5459,0,1
5460,7,2
5461,9,3
5462,1,1
5463,10,2
5464,8,5
5465,5,2
5466,9,2
5467,4,1
5468,6,0
5469,10,4
5470,0,1
5471,1,4
5472,6,4
5473,10,2
5474,2,0
5475,9,4
5476,10,1
5477,3,5
5478,0,4
5479,4,5
5480,3,1
5481,1,2
5482,6,2
5483,8,5
5484,8,5
5485,0,1
5486,6,2
5487,7,3
5488,0,0
5489,5,1
5490,0,0
5491,2,0
5492,6,0
5493,9,5
5494,7,5
5495,6,0
5496,4,2
5497,10,0
5498,8,3
5499,8,4
5500,9,3
5501,3,4
5502,0,4
5503,3,5
5504,10,4
5505,7,2
5506,4,5
5507,1,0
5508,2,2
5509,3,1
5510,7,3
5511,0,5
5512,4,3
5513,2,3
5514,5,5
5515,9,4
5516,0,2
5517,9,5
5518,4,5
5519,2,1
5520,5,1
5521,8,5
5522,7,0
5523,8,1
5524,0,0
5525,10,4
5526,8,0
5527,0,0
5528,5,4
5529,2,1
5530,5,2
5531,2,4
5532,2,1
5533,6,4
5534,6,0
5535,8,1
5536,6,4
5537,7,2
5538,9,4
5539,7,2
5540,9,4
5541,1,3
5542,2,1
5543,6,4
5544,2,2
5545,9,0
5546,9,3
5547,6,4
5548,1,1
5549,4,5
5550,2,2
5551,5,1
5552,0,3
5553,9,0
5554,6,1
5555,2,0
5556,4,0
5557,0,4
5558,2,1
5559,0,5
5560,0,0
5561,8,1
5562,2,4
5563,0,5
5564,2,2
5565,7,1
5566,6,2
5567,0,3
5568,2,4
5569,4,2
5570,3,1
5571,1,0
5572,6,2
5573,4,5
5574,5,3
5575,10,3
5576,3,4
5577,3,3
5578,4,1
5579,5,0
5580,6,1
5581,5,3
5582,1,2
5583,8,5
5584,9,2
5585,6,0
5586,10,0
5587,6,4
5588,9,4
5589,3,2
5590,1,1
5591,7,3
5592,7,3
5593,8,2
5594,8,5
5595,6,1
5596,3,0
5597,6,2
5598,0,4
5599,0,2
5600,9,1
5601,2,1
5602,9,2
5603,6,0
5604,4,2
5605,9,5
5606,10,2
5607,4,5
5608,2,2
5609,7,0
5610,1,1
5611,7,4
5612,8,3
5613,9,5
5614,8,2
5615,9,0
5616,3,4
5617,7,0
5618,6,5
5619,4,3
5620,6,3
5621,4,5
5622,5,4
5623,7,1
5624,1,0
5625,9,2
5626,9,3
5627,9,3
5628,6,3
5629,8,0
5630,7,2
5631,5,0
5632,4,0
5633,7,0
5634,8,2
5635,10,0
5636,9,3
5637,10,5
5638,5,5
5639,2,3
5640,2,1
5641,4,0
5642,8,1
5643,8,5
5644,6,5
5645,5,3
5646,10,0
5647,4,1
5648,6,2
5649,8,2
5650,8,0
5651,1,1
5652,7,4
5653,4,3
5654,3,5
5655,10,2
5656,9,3
5657,3,3
5658,1,2
5659,10,3
5660,7,3
5661,0,0
5662,0,1
5663,0,3
5664,8,0
5665,0,4
5666,4,2
5667,2,0
5668,5,4
5669,4,1
5670,6,3
5671,10,1
5672,9,0
5673,7,4
5674,5,1
5675,9,0
5676,6,1
5677,8,2
5678,1,3
5679,10,1
5680,10,5
5681,9,4
5682,4,1
5683,0,2
5684,5,2
5685,3,4
5686,5,2
5687,3,4
5688,9,1
5689,5,3
5690,5,4
5691,4,5
5692,3,5
5693,8,5
5694,2,4
5695,10,5
5696,9,1
5697,3,3
5698,5,4
5699,5,1
5700,1,0
5701,3,3
5702,8,1
5703,2,4
5704,5,5
5705,3,0
5706,6,3
5707,2,0
5708,9,0
5709,6,2
5710,0,0
5711,0,1
5712,4,0
5713,1,4
5714,0,5
5715,3,2
5716,6,4
5717,5,4
5718,0,5
5719,8,5
5720,1,3
5721,4,5
5722,8,3
5723,9,2
5724,8,0
5725,8,5
5726,10,1
5727,2,3
5728,8,5
5729,9,3
5730,10,2
5731,0,5
5732,2,3
5733,5,5
5734,10,5
5735,8,3
5736,8,5
5737,6,4
5738,7,4
5739,7,1
5740,4,4
5741,5,4
5742,9,1
5743,10,3
5744,9,1
5745,7,0
5746,0,5
5747,4,1
5748,2,2
5749,1,0
5750,8,5
5751,0,5
5752,2,0
5753,6,3
5754,4,0
5755,6,4
5756,3,2
5757,1,2
5758,10,4
5759,0,5
5760,9,4
5761,1,3
5762,10,0
5763,7,2
5764,8,5
5765,10,5
5766,2,5
5767,5,0
5768,10,4
5769,0,2
5770,8,1
5771,2,5
5772,1,4
5773,1,2
5774,4,5
5775,4,5
5776,1,0
5777,7,2
5778,7,3
5779,8,1
5780,6,4
5781,2,1
5782,2,2
5783,6,3
5784,1,3
5785,6,3
5786,2,4
5787,10,0
5788,10,5
5789,10,3
5790,6,5
5791,6,3
5792,8,5
5793,10,3
5794,4,0
5795,6,0
5796,2,3
5797,10,2
5798,2,2
5799,3,4
5800,5,3
5801,1,1
5802,4,0
5803,5,5
5804,4,0
5805,1,1
5806,6,2
5807,10,0
5808,8,2
5809,0,2
5810,2,3
5811,6,4
5812,1,4
5813,7,4
5814,7,5
5815,5,4
5816,5,1
5817,6,3
5818,0,3
5819,2,5
5820,1,1
5821,3,4
5822,9,2
5823,1,2
5824,4,5
5825,3,3
5826,4,3
5827,9,5
5828,0,4
5829,2,2
5830,7,5
5831,10,1
5832,6,0
5833,1,4
5834,4,2
5835,3,2
5836,4,2
5837,8,3
5838,7,4
5839,10,1
5840,2,2
5841,1,3
5842,5,2
5843,5,5
5844,7,3
5845,7,3
5846,4,4
5847,5,0
5848,8,4
5849,1,2
5850,9,1
5851,10,1
5852,9,1
5853,3,5
5854,8,1
5855,0,1
5856,10,0
5857,2,4
5858,3,3
5859,10,5
5860,4,4
5861,4,2
5862,4,4
5863,2,2
5864,1,0
5865,1,3
5866,5,0
5867,4,2
5868,1,1
5869,10,2
5870,4,5
5871,7,0
5872,5,4
5873,2,3
5874,3,4
5875,7,4
5876,8,4
5877,2,5
5878,6,1
5879,2,3
5880,9,3
5881,8,5
5882,1,0
5883,3,5
5884,6,3
5885,2,1
5886,9,4
5887,10,5
5888,2,0
5889,7,4
5890,1,3
5891,0,4
5892,7,0
5893,5,5
5894,10,4
5895,8,5
5896,10,0
5897,1,5
5898,4,4
5899,5,4
5900,10,2
5901,9,2
5902,7,4
5903,4,1
5904,2,2
5905,9,3
5906,1,3
5907,4,1
5908,4,4
5909,2,5
5910,6,4
5911,5,1
5912,6,5
5913,0,2
5914,8,0
5915,9,3
5916,3,4
5917,7,2
5918,5,2
5919,8,5
5920,6,3
5921,3,2
5922,10,2
5923,2,0
5924,9,1
5925,9,0
5926,7,5
5927,5,5
5928,4,5
5929,0,4
5930,2,4
5931,10,5
5932,8,5
5933,9,3
5934,2,4
5935,9,4
5936,10,5
5937,8,1
5938,7,0
5939,6,3
5940,10,0
5941,8,5
5942,6,5
5943,1,2
5944,1,0
5945,8,0
5946,8,2
5947,4,0
5948,4,2
5949,0,5
5950,6,3
5951,3,1
5952,5,0
5953,0,5
5954,4,3
5955,3,1
5956,2,4
5957,0,2
5958,2,2
5959,5,4
5960,8,2
5961,9,0
5962,5,0
5963,2,4
5964,10,4
5965,0,5
5966,4,5
5967,1,0
5968,10,2
5969,10,0
5970,6,0
5971,7,0
5972,4,2
5973,0,3
5974,8,0
5975,1,0
5976,3,4
5977,9,5
5978,10,0
5979,8,4
5980,2,5
5981,6,1
5982,5,3
5983,6,4
5984,5,4
5985,5,1
5986,3,0
5987,2,3
5988,8,0
5989,8,0
5990,5,1
5991,1,1
5992,1,3
5993,5,5
5994,9,0
5995,2,5
5996,2,0
5997,7,4
5998,1,4
5999,3,3
6000,0,0
6001,9,4
6002,10,0
6003,6,3
6004,1,3
6005,2,0
6006,6,4
6007,0,3
6008,1,5
6009,2,1
6010,6,4
6011,1,1
6012,1,1
6013,4,4
6014,4,5
6015,3,3
6016,1,5
6017,6,4
6018,9,4
6019,6,3
6020,5,4
6021,9,2
6022,7,2
6023,7,4
6024,10,0
6025,0,3
6026,2,5
6027,7,3
6028,6,5
6029,2,5
6030,9,0
6031,0,3
6032,7,5
6033,5,3
6034,9,3
6035,0,2
6036,2,3
6037,1,5
6038,6,0
6039,6,1
6040,6,4
6041,3,2
6042,7,4
6043,7,2
6044,9,3
6045,6,0
6046,0,2
6047,4,5
6048,9,0
6049,9,2
6050,7,5
6051,8,4
6052,2,5
6053,8,2
6054,1,3
6055,3,4
6056,5,0
6057,3,1
6058,0,3
6059,1,4
6060,8,4
6061,6,1
6062,5,1
6063,5,5
6064,6,5
6065,2,1
6066,4,0
6067,7,4
6068,6,2
6069,0,3
6070,7,1
6071,6,2
6072,0,0
6073,10,2
6074,10,3
6075,1,5
6076,9,0
6077,9,4
6078,6,2
6079,5,1
6080,1,5
6081,9,0
6082,1,4
6083,2,3
6084,8,2
6085,0,5
6086,9,0
6087,0,2
6088,8,0
6089,6,0
6090,6,5
6091,8,1
6092,3,4
6093,0,0
6094,5,3
6095,4,1
6096,1,1
6097,9,1
6098,6,5
6099,6,1
6100,4,5
6101,7,0
6102,9,3
6103,4,3
6104,4,0
6105,5,5
6106,5,1
6107,3,3
6108,4,5
6109,4,0
6110,6,5
6111,8,0
6112,9,1
6113,9,2
6114,4,4
6115,2,2
6116,1,2
6117,10,4
6118,6,1
6119,10,5
6120,6,1
6121,8,1
6122,9,4
6123,5,5
6124,7,0
6125,9,0
6126,6,4
6127,8,4
6128,2,4
6129,10,3
6130,1,0
6131,4,1
6132,0,3
6133,3,3
6134,1,5
6135,10,1
6136,4,1
6137,1,0
6138,3,5
6139,7,3
6140,4,1
6141,5,5
6142,9,4
6143,0,1
6144,2,5
6145,8,0
6146,4,5
6147,5,0
6148,2,2
6149,6,4
6150,3,0
6151,1,5
6152,6,2
6153,10,2
6154,2,2
6155,9,1
6156,2,5
6157,6,0
6158,9,4
6159,9,0
6160,1,0
6161,5,5
6162,5,4
6163,8,3
6164,7,1
6165,5,3
6166,2,5
6167,7,4
6168,2,2
6169,7,0
6170,10,0
6171,3,4
6172,9,3
6173,1,5
6174,1,3
6175,0,3
6176,7,4
6177,3,3
6178,4,0
6179,10,1
6180,2,2
6181,5,0
6182,9,0
6183,4,0
6184,10,1
6185,6,2
6186,4,0
6187,10,5
6188,2,5
6189,5,3
6190,4,1
6191,3,0
6192,9,5
6193,8,2
6194,4,1
6195,5,4
6196,0,4
6197,9,2
6198,10,1
6199,3,1
6200,7,1
6201,6,1
6202,1,4
6203,9,3
6204,4,2
6205,1,3
6206,1,1
6207,7,3
6208,10,1
6209,1,5
6210,10,1
6211,8,1
6212,0,3
6213,4,5
6214,9,4
6215,3,3
6216,9,3
6217,5,2
6218,7,1
6219,2,2
6220,2,2
6221,3,3
6222,9,5
6223,1,2
6224,10,1
6225,0,2
6226,10,2
6227,6,4
6228,3,1
6229,1,2
6230,8,4
6231,3,3
6232,6,5
6233,5,1
6234,5,3
6235,10,4
6236,1,5
6237,4,2
6238,8,3
6239,1,0
6240,6,2
6241,1,2
6242,9,4
6243,3,5
6244,4,2
6245,5,4
6246,1,1
6247,7,5
6248,4,4
6249,6,1
6250,4,3
6251,8,3
6252,5,2
6253,3,2
6254,1,0
6255,2,5
6256,7,5
6257,10,4
6258,2,4
6259,10,4
6260,4,2
6261,2,4
6262,4,4
6263,2,0
6264,1,1
6265,7,0
6266,9,1
6267,2,3
6268,6,4
6269,2,1
6270,1,1
6271,5,1
6272,5,5
6273,4,2
6274,4,2
6275,8,4
6276,4,0
6277,5,4
6278,3,2
6279,6,3
6280,6,2
6281,7,4
6282,5,0
6283,10,0
6284,3,5
6285,0,5
6286,2,5
6287,3,1
6288,6,3
6289,6,2
6290,3,2
6291,1,4
6292,1,3
6293,7,1
6294,10,2
6295,10,0
6296,2,3
6297,0,3
6298,4,2
6299,8,3
6300,6,2
6301,7,1
6302,9,2
6303,2,3
6304,5,2
6305,5,2
6306,3,0
6307,4,5
6308,6,0
6309,10,4
6310,1,1
6311,9,2
6312,1,1
6313,1,4
6314,1,5
6315,8,4
6316,9,3
6317,0,5
6318,1,2
6319,10,0
6320,10,5
6321,2,2
6322,6,4
6323,10,1
6324,8,2
6325,6,2
6326,3,1
6327,9,4
6328,5,1
6329,8,2
6330,3,3
6331,10,0
6332,4,4
6333,10,5
6334,0,1
6335,4,2
6336,3,3
6337,4,2
6338,0,0
6339,6,3
6340,8,2
6341,7,0
6342,6,1
6343,4,1
6344,5,3
6345,6,1
6346,1,1
6347,1,3
6348,1,5
6349,6,0
6350,9,3
6351,7,4
6352,4,0
6353,9,5
6354,7,3
6355,6,1
6356,1,1
6357,3,1
6358,5,1
6359,1,2
6360,7,2
6361,6,1
6362,4,0
6363,4,2
6364,9,2
6365,10,4
6366,4,3
6367,1,0
6368,2,4
6369,0,1
6370,7,1
6371,0,5
6372,6,3
6373,2,4
6374,2,0
6375,6,0
6376,6,5
6377,3,2
6378,6,0
6379,2,5
6380,1,4
6381,2,2
6382,3,0
6383,10,2
6384,5,5
6385,1,3
6386,4,5
6387,5,3
6388,10,5
6389,9,0
6390,0,3
6391,1,1
6392,1,1
6393,10,2
6394,10,3
6395,5,4
6396,4,3
6397,1,5
6398,4,4
6399,6,2
6400,4,0
6401,7,2
6402,7,0
6403,3,0
6404,1,1
6405,9,4
6406,0,2
6407,8,1
6408,5,0
6409,3,2
6410,8,1
6411,1,2
6412,1,0
6413,8,0
6414,8,2
6415,1,5
6416,8,3
6417,6,5
6418,3,5
6419,8,5
6420,9,3
6421,9,3
6422,0,0
6423,10,2
6424,8,5
6425,2,2
6426,6,0
6427,1,4
6428,8,3
6429,6,2
6430,9,4
6431,7,1
6432,1,5
6433,2,4
6434,7,4
6435,10,0
6436,5,2
6437,2,0
6438,6,5
6439,0,2
6440,0,3
6441,3,1
6442,7,2
6443,3,3
6444,8,0
6445,2,1
6446,5,4
6447,3,1
6448,2,2
6449,8,0
6450,9,1
6451,7,3
6452,6,4
6453,2,1
6454,10,1
6455,9,3
6456,9,5
6457,5,4
6458,9,2
6459,7,0
6460,7,0
6461,3,3
6462,5,5
6463,9,5
6464,3,3
6465,9,1
6466,0,2
6467,6,1
6468,10,3
6469,2,4
6470,9,0
6471,3,3
6472,1,3
6473,3,0
6474,9,0
6475,7,1
6476,7,0
6477,0,4
6478,0,0
6479,9,2
6480,9,0
6481,9,5
6482,3,4
6483,3,0
6484,6,4
6485,4,5
6486,2,1
6487,9,4
6488,8,1
6489,1,0
6490,6,5
6491,3,4
6492,8,5
6493,2,3
6494,7,3
6495,1,1
6496,4,2
6497,4,1
6498,5,1
6499,5,3
6500,4,2
6501,8,4
6502,6,5
6503,0,0
6504,7,5
6505,7,5
6506,6,1
6507,3,4
6508,0,1
6509,7,3
6510,4,5
6511,5,2
6512,8,1
6513,0,1
6514,1,5
6515,3,1
6516,0,4
6517,1,5
6518,1,5
6519,4,2
6520,10,5
6521,9,2
6522,4,3
6523,5,0
6524,9,5
6525,5,4
6526,3,3
6527,4,3
6528,9,1
6529,2,3
6530,10,0
6531,7,3
6532,0,5
6533,3,1
6534,7,2
6535,8,1
6536,9,3
6537,10,2
6538,9,2
6539,2,1
6540,6,2
6541,8,1
6542,7,1
6543,0,2
6544,10,3
6545,10,3
6546,6,0
6547,0,3
6548,8,2
6549,8,5
6550,4,5
6551,5,4
6552,5,1
6553,9,5
6554,10,0
6555,6,5
6556,9,4
6557,10,3
6558,10,2
6559,6,3
6560,2,1
6561,10,1
6562,0,5
6563,4,4
6564,3,3
6565,4,3
6566,9,3
6567,3,3
6568,1,0
6569,3,5
6570,1,0
6571,10,5
6572,9,2
6573,9,4
6574,0,0
6575,4,3
6576,7,4
6577,2,0
6578,7,5
6579,4,1
6580,0,1
6581,6,0
6582,6,3
6583,1,2
6584,6,1
6585,1,2
6586,6,1
6587,9,0
6588,8,5
6589,10,1
6590,2,1
6591,2,4
6592,7,5
6593,1,5
6594,5,1
6595,8,4
6596,8,5
6597,0,3
6598,8,0
6599,2,1
6600,1,0
6601,3,0
6602,5,3
6603,8,1
6604,9,3
6605,10,5
6606,8,4
6607,5,5
6608,9,5
6609,7,3
6610,2,3
6611,2,2
6612,5,4
6613,4,3
6614,0,0
6615,8,3
6616,0,5
6617,5,2
6618,9,0
6619,2,0
6620,9,5
6621,4,1
6622,8,5
6623,2,4
6624,10,5
6625,9,3
6626,8,4
6627,1,4
6628,3,0
6629,10,2
6630,3,2
6631,0,2
6632,8,2
6633,9,4
6634,4,4
6635,1,3
6636,0,4
6637,9,0
6638,3,3
6639,2,1
6640,4,2
6641,7,0
6642,7,4
6643,2,3
6644,10,4
6645,0,2
6646,1,5
6647,2,2
6648,8,0
6649,1,2
6650,8,0
6651,7,0
6652,9,5
6653,6,1
6654,2,5
6655,7,3
6656,2,0
6657,10,0
6658,4,0
6659,8,1
6660,8,5
6661,0,4
6662,7,3
6663,9,0
6664,4,0
6665,7,4
6666,1,4
6667,5,5
6668,9,3
6669,1,0
6670,7,2
6671,0,3
6672,7,3
6673,7,0
6674,10,2
6675,2,4
6676,8,2
6677,7,0
6678,7,5
6679,4,0
6680,5,3
6681,0,1
6682,2,3
6683,2,5
6684,7,5
6685,4,2
6686,5,5
6687,10,4
6688,5,0
6689,5,2
6690,3,1
6691,10,3
6692,0,4
6693,1,1
6694,6,1
6695,10,2
6696,10,3
6697,10,0
6698,10,0
6699,6,1
6700,8,5
6701,9,2
6702,7,1
6703,3,0
6704,10,2
6705,3,0
6706,4,3
6707,3,2
6708,1,0
6709,7,3
6710,5,4
6711,3,0
6712,4,2
6713,5,1
6714,7,5
6715,2,0
6716,7,4
6717,8,2
6718,4,0
6719,7,1
6720,8,1
6721,7,0
6722,6,2
6723,7,0
6724,4,5
6725,5,4
6726,7,1
6727,7,1
6728,6,3
6729,5,3
6730,3,5
6731,0,0
6732,1,0
6733,9,5
6734,10,0
6735,7,5
6736,6,1
6737,4,1
6738,1,4
6739,10,3
6740,4,0
6741,3,5
6742,2,4
6743,0,3
6744,9,2
6745,7,1
6746,2,1
6747,3,3
6748,5,0
6749,10,0
6750,8,5
6751,0,1
6752,7,4
6753,0,3
6754,4,5
6755,8,4
6756,5,1
6757,7,1
6758,0,3
6759,3,1
6760,6,1
6761,0,4
6762,9,4
6763,1,2
6764,4,4
6765,4,5
6766,0,1
6767,7,5
6768,6,1
6769,1,3
6770,3,5
6771,10,4
6772,7,0
6773,5,2
6774,8,4
6775,1,3
6776,10,4
6777,2,4
6778,4,2
6779,4,4
6780,0,5
6781,7,1
6782,10,2
6783,10,3
6784,0,5
6785,2,2
6786,0,0
6787,0,3
6788,3,2
6789,10,1
6790,8,5
6791,5,1
6792,10,1
6793,3,0
6794,6,0
6795,7,4
6796,7,3
6797,6,5
6798,10,1
6799,10,5
6800,0,5
6801,9,0
6802,7,4
6803,2,1
6804,9,5
6805,4,4
6806,5,5
6807,9,1
6808,7,4
6809,5,0
6810,10,0
6811,3,2
6812,5,1
6813,5,0
6814,10,4
6815,3,4
6816,0,5
6817,2,2
6818,2,2
6819,5,0
6820,8,5
6821,6,1
6822,8,0
6823,5,2
6824,10,3
6825,2,4
6826,8,3
6827,5,0
6828,3,5
6829,8,0
6830,2,1
6831,7,0
6832,0,4
6833,8,4
6834,5,2
6835,5,5
6836,3,2
6837,6,3
6838,9,5
6839,2,1
6840,7,0
6841,4,0
6842,1,1
6843,4,3
6844,6,0
6845,1,4
6846,8,4
6847,10,1
6848,6,5
6849,1,5
6850,1,4
6851,5,5
6852,2,5
6853,6,2
6854,9,5
6855,0,3
6856,6,3
6857,0,3
6858,10,5
6859,0,1
6860,3,5
6861,6,5
6862,10,1
6863,5,1
6864,10,4
6865,4,2
6866,5,3
6867,4,1
6868,0,4
6869,9,3
6870,2,2
6871,1,1
6872,3,1
6873,1,1
6874,10,0
6875,0,1
6876,0,0
6877,9,4
6878,4,2
6879,2,3
6880,4,3
6881,2,5
6882,4,5
6883,4,0
6884,8,0
6885,8,1
6886,0,1
6887,2,1
6888,1,5
6889,2,3
6890,1,4
6891,0,2
6892,4,5
6893,0,4
6894,1,4
6895,7,0
6896,5,1
6897,9,1
6898,6,2
6899,3,1
6900,10,0
6901,7,1
6902,3,3
6903,3,0
6904,0,3
6905,2,1
6906,8,2
6907,8,2
6908,10,5
6909,6,5
6910,9,3
6911,9,2
6912,0,1
6913,4,0
6914,7,3
6915,2,5
6916,7,2
6917,4,4
6918,6,0
6919,3,2
6920,5,3
6921,6,0
6922,6,5
6923,2,3
6924,1,5
6925,4,2
6926,7,4
6927,9,5
6928,7,0
6929,5,3
6930,5,5
6931,4,3
6932,9,2
6933,0,2
6934,2,0
6935,3,2
6936,7,5
6937,8,0
6938,6,0
6939,3,2
6940,5,2
6941,7,2
6942,0,3
6943,2,2
6944,8,1
6945,1,0
6946,9,4
6947,6,1
6948,3,5
6949,10,1
6950,0,0
6951,7,5
6952,5,1
6953,9,5
6954,6,5
6955,6,3
6956,7,5
6957,2,5
6958,5,3
6959,2,1
6960,3,0
6961,4,3
6962,10,1
6963,7,2
6964,1,1
6965,10,1
6966,8,3
6967,2,2
6968,3,1
6969,10,1
6970,5,0
6971,7,1
6972,1,3
6973,8,0
6974,7,3
6975,10,3
6976,4,3
6977,7,4
6978,1,4
6979,1,3
6980,6,5
6981,5,2
6982,5,0
6983,8,0
6984,0,2
6985,7,0
6986,7,0
6987,5,2
6988,0,0
6989,9,1
6990,4,2
6991,0,3
6992,7,2
6993,10,3
6994,7,1
6995,9,5
6996,0,2
6997,5,1
6998,5,0
6999,8,2
7000,4,4
7001,3,1
7002,3,2
7003,0,4
7004,2,4
7005,1,1
7006,3,3
7007,5,3
7008,1,3
7009,2,0
7010,2,2
7011,5,5
7012,7,3
7013,5,4
7014,8,2
7015,1,3
7016,9,2
7017,10,3
7018,8,0
7019,4,5
7020,3,5
7021,6,0
7022,8,3
7023,10,2
7024,6,5
7025,8,0
7026,5,5
7027,8,4
7028,9,5
7029,2,5
7030,0,1
7031,4,0
7032,7,3
7033,1,4
7034,9,5
7035,3,1
7036,1,2
7037,0,3
7038,10,3
7039,8,4
7040,0,5
7041,10,2
7042,10,2
7043,9,3
7044,2,0
7045,0,0
7046,1,3
7047,0,3
7048,2,5
7049,9,5
7050,4,0
7051,4,4
7052,6,3
7053,3,2
7054,1,4
7055,1,5
7056,8,0
7057,10,4
7058,6,0
7059,1,4
7060,8,1
7061,2,4
7062,6,1
7063,6,1
7064,3,2
7065,10,2
7066,3,1
7067,5,3
7068,2,0
7069,8,3
7070,5,4
7071,10,1
7072,9,2
7073,1,2
7074,7,4
7075,0,3
7076,0,4
7077,6,0
7078,6,5
7079,8,1
7080,2,5
7081,5,4
7082,3,1
7083,6,2
7084,5,4
7085,3,4
7086,4,2
7087,9,4
7088,8,2
7089,3,3
7090,9,1
7091,8,2
7092,4,5
7093,10,2
7094,9,2
7095,5,5
7096,3,5
7097,4,2
7098,2,1
7099,7,3
7100,4,5
7101,7,0
7102,2,5
7103,2,0
7104,6,4
7105,6,1
7106,8,3
7107,9,3
7108,5,3
7109,4,5
7110,8,0
7111,6,2
7112,7,0
7113,1,0
7114,8,1
7115,10,2
7116,7,3
7117,1,5
7118,5,5
7119,5,0
7120,8,4
7121,8,4
7122,1,4
7123,6,3
7124,4,4
7125,2,1
7126,9,4
7127,10,5
7128,1,3
7129,9,3
7130,8,0
7131,5,3
7132,5,1
7133,4,1
7134,1,1
7135,7,5
7136,9,1
7137,7,1
7138,7,5
7139,5,0
7140,4,1
7141,5,3
7142,5,4
7143,2,3
7144,1,1
7145,2,4
7146,2,1
7147,5,5
7148,7,0
7149,6,5
7150,6,2
7151,6,3
7152,8,3
7153,3,4
7154,8,0
7155,9,5
7156,1,2
7157,4,2
7158,3,3
7159,9,0
7160,0,2
7161,3,3
7162,3,4
7163,4,3
7164,0,4
7165,2,1
7166,4,0
7167,0,1
7168,0,3
7169,5,5
7170,0,5
7171,7,0
7172,4,3
7173,5,5
7174,7,4
7175,4,3
7176,4,5
7177,8,2
7178,5,0
7179,3,2
7180,8,3
7181,3,3
7182,1,3
7183,1,3
7184,7,2
7185,5,0
7186,4,4
7187,3,1
7188,10,2
7189,0,4
7190,5,4
7191,5,4
7192,10,4
7193,8,5
7194,3,1
7195,10,3
7196,2,3
7197,7,1
7198,6,2
7199,3,4
7200,3,2
7201,7,2
7202,0,5
7203,8,4
7204,7,3
7205,9,4
7206,2,3
7207,7,3
7208,5,5
7209,3,4
7210,0,5
7211,7,5
7212,6,2
7213,4,3
7214,5,4
7215,5,5
7216,0,4
7217,3,0
7218,0,5
7219,5,2
7220,1,3
7221,8,2
7222,8,3
7223,0,0
7224,10,4
7225,0,0
7226,3,0
7227,10,4
7228,8,4
7229,2,2
7230,6,1
7231,2,5
7232,3,4
7233,2,3
7234,6,2
7235,8,5
7236,7,4
7237,1,5
7238,7,2
7239,0,5
7240,4,3
7241,2,1
7242,0,4
7243,4,1
7244,5,3
7245,10,4
7246,5,1
7247,0,4
7248,4,3
7249,8,3
7250,4,2
7251,2,2
7252,3,2
7253,7,5
7254,0,4
7255,4,0
7256,5,3
7257,2,5
7258,6,4
7259,5,2
7260,8,0
7261,5,4
7262,6,5
7263,6,5
7264,6,4
7265,6,3
7266,9,0
7267,10,1
7268,2,2
7269,9,3
7270,4,3
7271,7,0
7272,0,4
7273,8,3
7274,4,3
7275,3,0
7276,2,5
7277,1,1
7278,3,4
7279,5,3
7280,9,5
7281,4,5
7282,7,2
7283,3,0
7284,4,4
7285,4,1
7286,8,2
7287,1,0
7288,4,2
7289,0,0
7290,6,4
7291,2,1
7292,6,5
7293,8,3
7294,10,4
7295,2,1
7296,8,3
7297,5,0
7298,5,5
7299,4,5
7300,1,5
7301,8,4
7302,10,4
7303,2,4
7304,2,0
7305,4,5
7306,6,0
7307,10,2
7308,2,5
7309,0,2
7310,8,4
7311,9,0
7312,10,0
7313,6,2
7314,0,2
7315,10,1
7316,7,0
7317,8,0
7318,7,4
7319,8,0
7320,5,1
7321,3,5
7322,0,2
7323,0,2
7324,0,5
7325,0,3
7326,3,4
7327,6,3
7328,0,1
7329,9,1
7330,9,2
7331,8,5
7332,5,3
7333,5,3
7334,4,3
7335,1,3
7336,3,2
7337,7,4
7338,1,2
7339,6,5
7340,10,4
7341,9,3
7342,4,5
7343,8,4
7344,9,3
7345,7,3
7346,2,0
7347,3,5
7348,6,5
7349,10,0
7350,4,0
7351,8,1
7352,4,2
7353,3,2
7354,10,4
7355,10,4
7356,5,2
7357,3,5
7358,2,5
7359,3,3
7360,6,1
7361,7,5
7362,2,1
7363,9,4
7364,3,5
7365,8,2
7366,1,1
7367,0,3
7368,3,0
7369,5,3
7370,3,2
7371,3,0
7372,7,5
7373,6,5
7374,9,4
7375,7,5
7376,3,0
7377,10,3
7378,2,2
7379,2,3
7380,0,1
7381,6,1
7382,2,3
7383,10,0
7384,9,4
7385,6,1
7386,6,1
7387,4,0
7388,5,2
7389,10,5
7390,6,5
7391,6,0
7392,7,2
7393,3,4
7394,7,3
7395,9,0
7396,5,2
7397,4,4
7398,7,5
7399,2,4
7400,3,1
7401,10,4
7402,4,5
7403,9,5
7404,6,2
7405,4,0
7406,8,0
7407,6,0
7408,4,2
7409,8,3
7410,6,2
7411,8,1
7412,1,3
7413,9,3
7414,9,2
7415,3,1
7416,10,0
7417,0,4
7418,8,1
7419,7,2
7420,9,4
7421,2,5
7422,5,3
7423,7,1
7424,1,2
7425,3,5
7426,2,4
7427,7,4
7428,2,4
7429,6,5
7430,0,2
7431,9,5
7432,2,0
7433,2,2
7434,10,0
7435,1,5
7436,8,1
7437,6,3
7438,9,3
7439,7,4
7440,10,0
7441,0,0
7442,2,4
7443,2,4
7444,9,1
7445,10,4
7446,3,2
7447,2,1
7448,4,0
7449,3,3
7450,4,1
7451,5,5
7452,9,4
7453,5,4
7454,8,0
7455,8,0
7456,7,0
7457,4,2
7458,6,1
7459,4,4
7460,1,2
7461,0,5
7462,4,4
7463,5,1
7464,5,4
7465,5,2
7466,10,2
7467,2,0
7468,3,2
7469,0,1
7470,7,5
7471,3,5
7472,5,0
7473,4,3
7474,7,3
7475,4,1
7476,2,1
7477,6,4
7478,7,5
7479,10,4
7480,5,0
7481,1,1
7482,3,0
7483,5,5
7484,2,2
7485,0,1
7486,2,5
7487,9,5
7488,1,0
7489,10,5
7490,2,0
7491,3,1
7492,2,2
7493,5,1
7494,2,0
7495,2,5
7496,7,4
7497,7,2
7498,4,1
7499,4,0
7500,6,5
7501,7,2
7502,7,5
7503,2,2
7504,7,2
7505,10,5
7506,9,0
7507,8,4
7508,9,3
7509,5,3
7510,5,2
7511,7,3
7512,3,4
7513,0,5
7514,7,3
7515,9,3
7516,8,0
7517,3,5
7518,6,1
7519,1,2
7520,1,2
7521,10,1
7522,2,5
7523,5,4
7524,3,2
7525,8,4
7526,5,0
7527,9,1
7528,9,0
7529,0,1
7530,3,1
7531,3,3
7532,8,5
7533,5,0
7534,4,1
7535,9,3
7536,5,0
7537,1,4
7538,7,1
7539,3,0
7540,0,1
7541,0,4
7542,7,1
7543,6,0
7544,0,0
7545,10,5
7546,3,2
7547,9,3
7548,6,1
7549,5,3
7550,2,0
7551,0,2
7552,9,4
7553,4,0
7554,3,3
7555,5,4
7556,4,5
7557,6,2
7558,3,4
7559,6,3
7560,4,0
7561,3,0
7562,7,4
7563,4,3
7564,3,3
7565,10,4
7566,4,2
7567,0,1
7568,3,4
7569,2,4
7570,10,0
7571,7,0
7572,7,3
7573,6,5
7574,5,4
7575,0,3
7576,8,5
7577,0,4
7578,4,0
7579,6,1
7580,0,5
7581,2,4
7582,2,4
7583,0,1
7584,0,2
7585,7,5
7586,1,4
7587,6,0
7588,2,4
7589,1,5
7590,9,4
7591,1,3
7592,5,4
7593,3,3
7594,6,5
7595,10,3
7596,5,4
7597,8,0
7598,9,3
7599,5,2
7600,1,5
7601,7,2
7602,7,4
7603,8,0
7604,4,0
7605,7,2
7606,1,2
7607,6,2
7608,1,2
7609,9,3
7610,2,5
7611,7,4
7612,0,1
7613,4,1
7614,1,3
7615,7,0
7616,7,5
7617,6,1
7618,2,4
7619,7,4
7620,3,5
7621,0,5
7622,8,1
7623,9,1
7624,5,3
7625,0,3
7626,2,5
7627,9,1
7628,1,1
7629,2,5
7630,7,4
7631,1,1
7632,0,2
7633,8,4
7634,8,4
7635,4,3
7636,1,3
7637,10,1
7638,6,3
7639,4,3
7640,10,0
7641,0,5
7642,3,2
7643,1,1
7644,7,5
7645,1,4
7646,10,3
7647,7,2
7648,4,2
7649,2,4
7650,9,5
7651,4,2
7652,3,5
7653,1,4
7654,1,4
7655,3,4
7656,3,2
7657,5,4
7658,5,1
7659,8,5
7660,9,0
7661,2,2
7662,3,4
7663,8,2
7664,7,4
7665,4,0
7666,7,2
7667,9,5
7668,9,1
7669,4,5
7670,7,0
7671,8,1
7672,10,2
7673,5,3
7674,2,3
7675,0,3
7676,8,2
7677,3,5
7678,9,5
7679,10,5
7680,4,4
7681,0,5
7682,10,5
7683,3,3
7684,2,2
7685,10,4
7686,4,0
7687,1,0
7688,2,0
7689,1,3
7690,0,1
7691,3,1
7692,10,2
7693,8,1
7694,10,1
7695,4,1
7696,2,4
7697,3,0
7698,0,3
7699,1,0
7700,0,4
7701,5,0
7702,1,5
7703,7,3
7704,8,0
7705,1,1
7706,0,2
7707,0,1
7708,4,3
7709,7,4
7710,1,5
7711,1,1
7712,7,2
7713,2,4
7714,3,4
7715,10,5
7716,9,5
7717,9,5
7718,7,1
7719,0,5
7720,3,0
7721,1,4
7722,6,4
7723,4,4
7724,3,0
7725,0,2
7726,4,4
7727,8,5
7728,7,5
7729,4,4
7730,9,5
7731,7,2
7732,2,1
7733,7,2
7734,0,5
7735,5,3
7736,9,4
7737,4,4
7738,7,4
7739,1,5
7740,2,2
7741,10,1
7742,0,0
7743,5,1
7744,7,4
7745,6,2
7746,1,0
7747,8,3
7748,7,0
7749,2,1
7750,10,4
7751,3,4
7752,0,5
7753,2,4
7754,7,3
7755,8,5
7756,0,0
7757,4,4
7758,6,0
7759,9,2
7760,3,4
7761,3,2
7762,0,4
7763,6,5
7764,7,5
7765,6,5
7766,1,2
7767,6,1
7768,0,3
7769,4,4
7770,9,5
7771,4,1
7772,1,4
7773,8,4
7774,2,2
7775,2,4
7776,7,2
7777,7,5
7778,1,3
7779,9,2
7780,3,2
7781,2,3
7782,9,5
7783,10,0
7784,10,4
7785,5,5
7786,0,0
7787,0,5
7788,8,2
7789,1,4
7790,7,4
7791,2,4
7792,4,5
7793,9,5
7794,3,4
7795,1,1
7796,2,1
7797,2,1
7798,0,2
7799,2,4
7800,4,2
7801,10,0
7802,8,1
7803,6,2
7804,7,4
7805,7,2
7806,5,2
7807,0,2
7808,5,5
7809,7,0
7810,10,4
7811,2,2
7812,4,1
7813,2,0
7814,0,5
7815,3,3
7816,4,3
7817,10,0
7818,7,5
7819,8,3
7820,10,5
7821,8,5
7822,3,5
7823,4,3
7824,1,0
7825,4,5
7826,9,5
7827,1,1
7828,5,0
7829,9,4
7830,3,5
7831,5,5
7832,0,0
7833,2,2
7834,5,5
7835,5,0
7836,9,4
7837,5,5
7838,1,3
7839,9,1
7840,6,5
7841,0,3
7842,5,0
7843,3,5
7844,10,3
7845,8,1
7846,5,0
7847,9,3
7848,5,5
7849,8,0
7850,5,2
7851,10,3
7852,2,3
7853,4,0
7854,4,0
7855,9,2
7856,1,0
7857,10,5
7858,9,0
7859,4,3
7860,4,5
7861,4,1
7862,4,5
7863,7,2
7864,6,0
7865,2,3
7866,1,4
7867,4,0
7868,7,5
7869,4,4
7870,0,1
7871,8,4
7872,7,3
7873,0,2
7874,10,0
7875,2,0
7876,0,2
7877,6,4
7878,7,5
7879,2,3
7880,0,3
7881,2,0
7882,1,0
7883,0,2
7884,1,5
7885,5,5
7886,3,4
7887,5,5
7888,9,3
7889,10,5
7890,2,1
7891,7,1
7892,10,1
7893,7,2
7894,2,4
7895,5,2
7896,1,2
7897,4,2
7898,7,0
7899,9,2
7900,1,2
7901,5,1
7902,8,1
7903,8,3
7904,4,3
7905,9,3
7906,6,4
7907,4,5
7908,2,5
7909,6,0
7910,5,5
7911,3,5
7912,3,5
7913,7,3
7914,2,3
7915,6,3
7916,10,5
7917,9,3
7918,6,2
7919,4,0
7920,3,5
7921,7,0
7922,2,0
7923,4,1
7924,2,2
7925,2,5
7926,4,4
7927,1,3
7928,2,0
7929,10,5
7930,7,0
7931,7,2
7932,4,0
7933,0,2
7934,4,0
7935,5,1
7936,8,5
7937,2,3
7938,0,1
7939,8,0
7940,1,1
7941,0,1
7942,0,4
7943,7,3
7944,2,2
7945,1,4
7946,3,0
7947,5,2
7948,1,4
7949,7,4
7950,8,4
7951,10,3
7952,0,2
7953,2,2
7954,8,2
7955,10,5
7956,7,1
7957,10,2
7958,10,1
7959,2,5
7960,2,3
7961,3,0
7962,2,5
7963,2,5
7964,6,2
7965,1,1
7966,9,1
7967,7,1
7968,9,5
7969,2,2
7970,4,2
7971,2,3
7972,6,1
7973,7,4
7974,7,2
7975,5,0
7976,8,4
7977,2,1
7978,6,1
7979,5,3
7980,0,3
7981,9,4
7982,0,0
7983,5,4
7984,6,3
7985,0,1
7986,9,3
7987,0,3
7988,5,4
7989,0,5
7990,1,0
7991,0,0
7992,3,1
7993,3,1
7994,4,1
7995,3,3
7996,7,1
7997,9,0
7998,3,5
7999,2,0
8000,9,4
8001,1,2
8002,3,2
8003,8,3
8004,4,4
8005,6,3
8006,1,0
8007,0,3
8008,2,4
8009,10,3
8010,8,3
8011,4,3
8012,5,4
8013,9,5
8014,10,4
8015,6,3
8016,7,5
8017,8,2
8018,4,1
8019,1,4
8020,3,2
8021,9,5
8022,7,4
8023,9,5
8024,3,1
8025,3,0
8026,6,1
8027,1,5
8028,1,2
8029,7,4
8030,7,2
8031,4,0
8032,0,2
8033,4,3
8034,7,3
8035,6,4
8036,9,5
8037,5,1
8038,7,4
8039,5,3
8040,6,5
8041,7,3
8042,2,1
8043,8,4
8044,6,3
8045,5,5
8046,8,3
8047,2,2
8048,7,4
8049,6,3
8050,2,4
8051,8,0
8052,1,1
8053,4,3
8054,8,5
8055,10,2
8056,9,5
8057,3,4
8058,2,1
8059,3,4
8060,8,5
8061,9,2
8062,4,3
8063,0,0
8064,1,4
8065,2,1
8066,1,0
8067,0,1
8068,0,2
8069,4,3
8070,0,2
8071,9,5
8072,9,5
8073,7,1
8074,7,2
8075,2,2
8076,9,0
8077,1,4
8078,1,2
8079,2,2
8080,8,2
8081,3,1
8082,3,4
8083,9,2
8084,7,2
8085,10,5
8086,1,2
8087,6,5
8088,3,2
8089,0,0
8090,3,4
8091,0,5
8092,0,5
8093,8,4
8094,7,5
8095,5,3
8096,2,4
8097,7,1
8098,10,4
8099,9,1
8100,5,0
8101,3,0
8102,6,5
8103,2,5
8104,0,0
8105,1,4
8106,6,3
8107,1,1
8108,5,5
8109,4,2
8110,6,0
8111,4,2
8112,3,1
8113,9,3
8114,1,1
8115,6,1
8116,0,4
8117,5,4
8118,10,3
8119,5,0
8120,10,4
8121,8,0
8122,8,0
8123,1,4
8124,7,5
8125,4,5
8126,8,3
8127,8,1
8128,0,3
8129,8,0
8130,0,1
8131,5,1
8132,3,4
8133,0,4
8134,8,0
8135,7,3
8136,9,2
8137,10,4
8138,9,2
8139,2,1
8140,10,0
8141,5,2
8142,9,2
8143,6,1
8144,1,3
8145,8,1
8146,8,1
8147,4,3
8148,6,1
8149,1,3
8150,3,2
8151,10,5
8152,10,2
8153,9,4
8154,2,2
8155,0,4
8156,9,2
8157,5,4
8158,5,3
8159,1,0
8160,9,2
8161,9,3
8162,5,3
8163,3,0
8164,8,4
8165,9,5
8166,1,4
8167,3,3
8168,6,2
8169,5,5
8170,4,5
8171,8,0
8172,8,2
8173,2,2
8174,0,3
8175,4,4
8176,4,1
8177,4,4
8178,7,1
8179,5,5
8180,0,2
8181,1,4
8182,2,2
8183,3,2
8184,4,2
8185,2,5
8186,4,4
8187,6,2
8188,3,5
8189,10,5
8190,6,4
8191,5,1
8192,10,3
8193,5,1
8194,0,4
8195,1,4
8196,3,3
8197,10,4
8198,1,3
8199,6,1
8200,9,0
8201,3,0
8202,1,3
8203,5,4
8204,3,3
8205,0,4
8206,0,0
8207,6,4
8208,10,0
8209,3,4
8210,10,3
8211,0,5
8212,2,3
8213,2,0
8214,1,3
8215,4,4
8216,2,1
8217,2,4
8218,1,5
8219,10,5
8220,1,1
8221,4,3
8222,2,0
8223,4,4
8224,7,5
8225,7,3
8226,2,0
8227,9,4
8228,4,4
8229,7,1
8230,6,2
8231,9,3
8232,10,3
8233,3,5
8234,2,4
8235,2,0
8236,6,1
8237,10,3
8238,7,5
8239,0,2
8240,5,5
8241,6,3
8242,7,2
8243,8,5
8244,3,5
8245,3,0
8246,2,4
8247,6,2
8248,3,2
8249,5,3
8250,9,5
8251,5,1
8252,7,0
8253,7,4
8254,2,1
8255,1,5
8256,9,0
8257,1,4
8258,9,5
8259,5,5
8260,8,2
8261,6,1
8262,6,5
8263,0,0
8264,1,2
8265,9,3
8266,6,2
8267,10,0
8268,10,3
8269,7,0
8270,2,2
8271,1,4
8272,7,3
8273,4,5
8274,4,1
8275,3,5
8276,4,5
8277,0,1
8278,8,1
8279,1,4
8280,10,2
8281,6,5
8282,4,2
8283,2,4
8284,9,5
8285,8,2
8286,9,3
8287,8,4
8288,9,0
8289,0,4
8290,7,5
8291,5,4
8292,10,3
8293,10,3
8294,10,2
8295,10,4
8296,7,5
8297,7,0
8298,2,4
8299,5,4
8300,2,2
8301,7,5
8302,9,0
8303,8,3
8304,9,5
8305,9,4
8306,4,5
8307,7,0
8308,0,2
8309,7,3
8310,1,1
8311,4,3
8312,2,1
8313,7,3
8314,4,3
8315,1,3
8316,0,0
8317,2,5
8318,10,3
8319,5,4
8320,0,3
8321,7,5
8322,4,0
8323,2,5
8324,9,1
8325,6,2
8326,10,0
8327,5,4
8328,6,4
8329,9,0
8330,1,4
8331,1,2
8332,9,4
8333,8,5
8334,3,0
8335,4,2
8336,6,2
8337,5,4
8338,1,4
8339,7,2
8340,3,2
8341,5,2
8342,0,1
8343,8,4
8344,2,1
8345,6,3
8346,2,3
8347,0,5
8348,1,4
8349,3,1
8350,3,1
8351,1,0
8352,1,3
8353,8,1
8354,1,0
8355,7,1
8356,9,4
8357,8,0
8358,1,0
8359,8,3
8360,5,1
8361,0,1
8362,3,2
8363,4,0
8364,1,0
8365,4,3
8366,5,4
8367,6,2
8368,10,2
8369,2,0
8370,1,0
8371,9,2
8372,0,5
8373,9,5
8374,2,5
8375,0,2
8376,10,5
8377,4,3
8378,1,3
8379,7,2
8380,3,5
8381,9,4
8382,5,2
8383,8,1
8384,8,2
8385,0,0
8386,10,0
8387,8,1
8388,0,0
8389,3,5
8390,4,3
8391,10,1
8392,8,1
8393,9,2
8394,1,1
8395,1,5
8396,6,1
8397,9,5
8398,4,5
8399,9,3
8400,2,4
8401,9,3
8402,10,3
8403,0,3
8404,10,2
8405,4,3
8406,0,0
8407,2,4
8408,8,3
8409,1,1
8410,2,1
8411,10,1
8412,4,4
8413,2,2
8414,0,0
8415,8,4
8416,5,0
8417,5,4
8418,8,2
8419,5,3
8420,4,2
8421,3,1
8422,1,1
8423,2,3
8424,2,3
8425,5,0
8426,2,3
8427,5,4
8428,10,0
8429,1,5
8430,6,1
8431,0,4
8432,9,0
8433,10,0
8434,7,3
8435,1,4
8436,7,2
8437,2,5
8438,7,1
8439,9,2
8440,9,2
8441,3,5
8442,2,5
8443,5,1
8444,8,5
8445,4,4
8446,3,3
8447,7,2
8448,0,4
8449,0,2
8450,0,3
8451,9,4
8452,3,1
8453,3,3
8454,3,5
8455,8,3
8456,2,2
8457,0,3
8458,6,0
8459,6,4
8460,8,1
8461,9,5
8462,5,4
8463,8,1
8464,10,1
8465,8,4
8466,5,5
8467,9,1
8468,9,4
8469,8,1
8470,6,1
8471,10,3
8472,5,1
8473,6,0
8474,5,2
8475,5,4
8476,4,0
8477,3,5
8478,9,0
8479,6,1
8480,7,4
8481,6,0
8482,1,3
8483,4,0
8484,5,2
8485,7,0
8486,9,5
8487,1,5
8488,10,1
8489,0,2
8490,10,2
8491,1,5
8492,5,4
8493,4,4
8494,8,4
8495,4,4
8496,8,0
8497,10,1
8498,0,4
8499,7,5
8500,1,3
8501,2,5
8502,8,1
8503,5,1
8504,8,1
8505,0,2
8506,5,0
8507,8,5
8508,9,4
8509,4,0
8510,2,5
8511,10,3
8512,7,5
8513,6,4
8514,9,0
8515,3,0
8516,0,4
8517,9,5
8518,8,5
8519,9,2
8520,1,0
8521,3,0
8522,4,3
8523,8,2
8524,9,4
8525,7,2
8526,6,5
8527,10,5
8528,9,4
8529,8,0
8530,5,0
8531,8,2
8532,7,4
8533,7,2
8534,3,3
8535,4,3
8536,8,4
8537,5,2
8538,2,2
8539,3,3
8540,1,3
8541,9,2
8542,4,5
8543,6,4
8544,3,3
8545,0,2
8546,0,4
8547,4,3
8548,5,3
8549,8,1
8550,7,0
8551,10,4
8552,4,0
8553,5,2
8554,2,5
8555,4,1
8556,1,0
8557,4,2
8558,6,5
8559,8,5
8560,6,4
8561,5,5
8562,3,5
8563,8,0
8564,7,0
8565,4,1
8566,1,4
8567,6,5
8568,8,2
8569,1,4
8570,3,5
8571,7,5
8572,5,3
8573,3,3
8574,6,5
8575,10,4
8576,2,3
8577,2,2
8578,8,4
8579,5,4
8580,5,3
8581,5,3
8582,5,5
8583,8,2
8584,8,3
8585,8,3
8586,6,1
8587,5,5
8588,4,3
8589,7,5
8590,10,1
8591,1,3
8592,6,2
8593,2,2
8594,10,1
8595,8,1
8596,9,0
8597,6,3
8598,7,0
8599,7,1
8600,6,1
8601,9,2
8602,4,4
8603,7,4
8604,9,4
8605,10,2
8606,0,4
8607,4,1
8608,2,5
8609,10,5
8610,7,4
8611,9,2
8612,1,2
8613,2,3
8614,0,2
8615,6,1
8616,3,2
8617,10,1
8618,5,3
8619,3,0
8620,5,2
8621,2,3
8622,6,5
8623,3,1
8624,10,4
8625,4,5
8626,0,0
8627,2,0
8628,2,1
8629,9,2
8630,10,5
8631,7,0
8632,0,3
8633,3,4
8634,5,2
8635,3,0
8636,8,0
8637,4,2
8638,4,1
8639,1,1
8640,10,0
8641,4,4
8642,0,0
8643,1,5
8644,5,2
8645,4,5
8646,5,4
8647,6,1
8648,2,5
8649,4,0
8650,2,5
8651,1,0
8652,10,2
8653,5,0
8654,3,1
8655,9,0
8656,3,5
8657,10,0
8658,3,0
8659,4,3
8660,4,0
8661,8,5
8662,2,1
8663,2,4
8664,10,4
8665,7,1
8666,8,4
8667,0,4
8668,10,0
8669,10,0
8670,7,5
8671,2,2
8672,8,3
8673,2,2
8674,3,0
8675,0,4
8676,9,1
8677,9,2
8678,6,4
8679,10,4
8680,5,4
8681,3,5
8682,6,3
8683,9,4
8684,1,3
8685,1,5
8686,10,0
8687,6,2
8688,5,1
8689,1,3
8690,0,1
8691,0,4
8692,2,3
8693,10,3
8694,2,1
8695,0,4
8696,7,3
8697,8,3
8698,7,0
8699,6,4
8700,8,4
8701,8,0
8702,3,5
8703,5,3
8704,4,0
8705,10,1
8706,4,0
8707,5,2
8708,9,0
8709,7,1
8710,3,5
8711,3,4
8712,0,3
8713,2,3
8714,10,3
8715,2,2
8716,3,2
8717,0,5
8718,7,5
8719,0,4
8720,8,2
8721,4,5
8722,4,1
8723,0,3
8724,6,4
8725,5,1
8726,8,2
8727,6,2
8728,2,0
8729,6,1
8730,1,5
8731,5,4
8732,6,2
8733,5,5
8734,4,4
8735,4,3
8736,10,1
8737,3,0
8738,8,2
8739,1,1
8740,2,0
8741,6,1
8742,3,4
8743,3,0
8744,7,2
8745,9,3
8746,9,3
8747,3,5
8748,1,3
8749,2,3
8750,5,2
8751,3,2
8752,3,4
8753,7,3
8754,7,4
8755,2,3
8756,0,3
8757,0,1
8758,2,4
8759,10,0
8760,4,2
8761,3,1
8762,9,5
8763,1,1
8764,1,5
8765,1,0
8766,8,1
8767,10,3
8768,3,3
8769,9,1
8770,3,4
8771,4,5
8772,7,3
8773,3,3
8774,6,4
8775,7,5
8776,7,2
8777,10,4
8778,10,1
8779,5,4
8780,9,0
8781,9,1
8782,8,0
8783,3,1
8784,4,4
8785,3,5
8786,9,4
8787,3,0
8788,3,5
8789,1,4
8790,9,2
8791,4,4
8792,4,0
8793,4,5
8794,1,0
8795,8,2
8796,7,5
8797,8,5
8798,5,5
8799,1,5
8800,3,4
8801,4,0
8802,3,3
8803,7,5
8804,5,4
8805,7,2
8806,5,1
8807,6,4
8808,10,5
8809,8,0
8810,7,0
8811,8,4
8812,1,1
8813,8,3
8814,5,0
8815,2,2
8816,3,1
8817,7,0
8818,1,1
8819,5,5
8820,1,1
8821,1,2
8822,7,2
8823,10,3
8824,0,2
8825,9,0
8826,6,1
8827,2,0
8828,6,5
8829,9,5
8830,1,4
8831,9,2
8832,6,2
8833,2,0
8834,4,4
8835,8,2
8836,1,1
8837,10,0
8838,7,1
8839,8,0
8840,3,2
8841,0,1
8842,7,2
8843,9,4
8844,5,2
8845,0,1
8846,0,1
8847,8,2
8848,10,3
8849,7,3
8850,3,2
8851,0,0
8852,3,3
8853,8,0
8854,10,1
8855,6,0
8856,3,0
8857,8,5
8858,0,4
8859,5,5
8860,3,2
8861,2,0
8862,10,2
8863,4,1
8864,7,0
8865,9,0
8866,6,3
8867,10,4
8868,8,5
8869,4,5
8870,5,2
8871,9,0
8872,6,2
8873,9,2
8874,0,3
8875,1,4
8876,5,0
8877,3,0
8878,1,5
8879,10,5
8880,1,0
8881,10,5
8882,2,2
8883,10,0
8884,10,5
8885,7,3
8886,8,2
8887,2,5
8888,0,4
8889,5,1
8890,0,4
8891,9,0
8892,6,5
8893,3,0
8894,5,0
8895,4,3
8896,7,0
8897,9,2
8898,8,5
8899,0,0
8900,8,4
8901,4,3
8902,0,4
8903,8,4
8904,2,1
8905,7,3
8906,10,3
8907,0,0
8908,1,1
8909,10,5
8910,5,5
8911,2,5
8912,6,4
8913,2,4
8914,5,0
8915,7,0
8916,0,3
8917,6,2
8918,5,1
8919,5,0
8920,6,5
8921,4,5
8922,2,0
8923,4,3
8924,7,1
8925,5,1
8926,0,0
8927,9,0
8928,2,1
8929,4,5
8930,2,5
8931,2,0
8932,0,2
8933,0,2
8934,8,4
8935,7,5
8936,10,1
8937,8,4
8938,2,5
8939,5,1
8940,2,5
8941,3,5
8942,5,3
8943,6,5
8944,0,4
8945,0,1
8946,3,2
8947,4,5
8948,6,0
8949,6,5
8950,2,3
8951,9,5
8952,8,3
8953,3,0
8954,6,3
8955,1,2
8956,1,4
8957,5,0
8958,0,5
8959,8,4
8960,2,1
8961,2,3
8962,10,2
8963,9,0
8964,3,2
8965,6,1
8966,0,2
8967,4,4
8968,7,0
8969,4,0
8970,3,0
8971,3,4
8972,5,2
8973,6,5
8974,9,3
8975,2,4
8976,7,3
8977,6,1
8978,2,1
8979,10,1
8980,0,0
8981,4,0
8982,9,5
8983,7,3
8984,10,3
8985,0,3
8986,8,2
8987,9,4
8988,4,0
8989,8,0
8990,8,1
8991,9,2
8992,3,1
8993,1,2
8994,7,4
8995,6,3
8996,5,3
8997,5,3
8998,3,5
8999,2,1
9000,8,1
9001,8,1
9002,9,4
9003,5,0
9004,9,5
9005,1,0
9006,1,4
9007,8,0
9008,5,3
9009,7,1
9010,7,0
9011,3,3
9012,4,5
9013,2,4
9014,5,0
9015,4,1
9016,4,0
9017,9,4
9018,6,4
9019,4,4
9020,5,0
9021,8,4
9022,8,2
9023,2,0
9024,4,3
9025,5,3
9026,8,5
9027,9,5
9028,1,0
9029,6,3
9030,3,0
9031,10,4
9032,4,1
9033,4,4
9034,7,0
9035,4,3
9036,1,4
9037,0,0
9038,7,4
9039,3,3
9040,8,5
9041,0,4
9042,1,3
9043,7,0
9044,5,3
9045,0,0
9046,5,3
9047,6,0
9048,10,1
9049,1,2
9050,6,2
9051,6,1
9052,3,1
9053,10,1
9054,10,0
9055,2,5
9056,9,2
9057,0,4
9058,0,3
9059,0,1
9060,9,4
9061,1,0
9062,9,1
9063,10,5
9064,10,1
9065,3,1
9066,5,1
9067,7,4
9068,2,5
9069,0,2
9070,8,0
9071,3,1
9072,4,4
9073,9,2
9074,3,3
9075,4,1
9076,6,2
9077,1,3
9078,0,2
9079,0,2
9080,7,1
9081,8,4
9082,5,5
9083,3,1
9084,8,2
9085,0,5
9086,5,0
9087,9,0
9088,3,1
9089,1,5
9090,3,4
9091,7,4
9092,2,1
9093,8,1
9094,10,4
9095,0,3
9096,6,2
9097,10,5
9098,9,5
9099,7,2
9100,10,0
9101,6,3
9102,0,2
9103,0,2
9104,2,0
9105,5,4
9106,5,3
9107,3,2
9108,9,3
9109,1,5
9110,8,0
9111,5,2
9112,9,5
9113,0,0
9114,1,1
9115,8,5
9116,7,3
9117,8,1
9118,4,5
9119,1,1
9120,6,5
9121,3,5
9122,9,2
9123,9,0
9124,4,5
9125,6,2
9126,5,3
9127,5,1
9128,6,2
9129,2,1
9130,0,0
9131,2,0
9132,4,2
9133,0,0
9134,6,0
9135,8,2
9136,10,5
9137,8,3
9138,8,4
9139,5,2
9140,0,0
9141,8,3
9142,2,5
9143,9,1
9144,1,5
9145,0,5
9146,7,2
9147,7,3
9148,3,3
9149,6,5
9150,3,1
9151,6,3
9152,10,5
9153,10,3
9154,2,1
9155,1,4
9156,4,5
9157,6,2
9158,8,0
9159,5,1
9160,4,0
9161,3,5
9162,4,2
9163,10,1
9164,2,4
9165,8,2
9166,0,4
9167,6,0
9168,2,3
9169,7,4
9170,2,2
9171,4,1
9172,1,1
9173,3,4
9174,8,5
9175,7,5
9176,7,1
9177,0,4
9178,8,5
9179,3,0
9180,9,4
9181,7,0
9182,4,0
9183,6,0
9184,0,2
9185,9,4
9186,10,3
9187,10,0
9188,8,5
9189,10,1
9190,1,1
9191,2,1
9192,5,0
9193,7,4
9194,4,1
9195,8,2
9196,4,3
9197,0,4
9198,9,3
9199,7,5
9200,5,2
9201,6,0
9202,10,4
9203,4,2
9204,4,4
9205,10,2
9206,8,1
9207,2,5
9208,5,2
9209,4,3
9210,3,3
9211,4,3
9212,6,4
9213,8,2
9214,5,1
9215,10,2
9216,0,4
9217,9,2
9218,1,1
9219,1,4
9220,9,3
9221,7,3
9222,2,0
9223,0,5
9224,9,2
9225,4,5
9226,6,2
9227,3,4
9228,10,0
9229,0,4
9230,0,3
9231,6,1
9232,8,0
9233,8,1
9234,10,0
9235,4,3
9236,8,3
9237,0,1
9238,0,3
9239,0,0
9240,7,0
9241,10,1
9242,9,2
9243,6,0
9244,7,5
9245,10,3
9246,4,5
9247,6,1
9248,8,4
9249,4,1
9250,9,1
9251,6,5
9252,7,4
9253,8,0
9254,7,4
9255,3,1
9256,4,0
9257,6,3
9258,1,2
9259,0,3
9260,0,4
9261,7,1
9262,8,3
9263,3,5
9264,7,3
9265,10,2
9266,3,4
9267,10,3
9268,7,1
9269,6,2
9270,3,3
9271,4,4
9272,1,1
9273,9,5
9274,10,4
9275,9,4
9276,8,2
9277,6,0
9278,9,4
9279,6,3
9280,2,3
9281,9,2
9282,8,4
9283,7,3
9284,1,4
9285,5,4
9286,6,2
9287,0,2
9288,0,3
9289,4,4
9290,4,3
9291,4,2
9292,1,3
9293,9,2
9294,9,4
9295,3,2
9296,1,5
9297,4,2
9298,4,5
9299,6,4
9300,7,0
9301,1,3
9302,3,2
9303,7,1
9304,7,0
9305,0,2
9306,6,1
9307,9,4
9308,8,0
9309,7,5
9310,8,5
9311,1,4
9312,3,3
9313,5,1
9314,4,5
9315,5,4
9316,9,3
9317,4,1
9318,2,5
9319,9,1
9320,3,3
9321,8,4
9322,3,3
9323,10,3
9324,5,4
9325,6,3
9326,10,5
9327,5,3
9328,5,2
9329,5,2
9330,5,2
9331,8,1
9332,0,2
9333,4,4
9334,9,1
9335,5,4
9336,2,1
9337,6,1
9338,6,2
9339,7,0
9340,5,1
9341,9,5
9342,8,2
9343,5,0
9344,5,4
9345,3,3
9346,6,5
9347,7,5
9348,0,4
9349,9,4
9350,4,5
9351,7,4
9352,9,2
9353,1,1
9354,0,3
9355,3,2
9356,7,0
9357,0,5
9358,8,5
9359,7,5
9360,1,4
9361,2,3
9362,5,3
9363,7,4
9364,7,1
9365,1,5
9366,4,4
9367,9,5
9368,1,2
9369,7,5
9370,3,2
9371,8,5
9372,1,0
9373,7,0
9374,0,4
9375,8,4
9376,9,2
9377,4,0
9378,7,2
9379,1,4
9380,1,0
9381,9,2
9382,10,4
9383,7,1
9384,6,5
9385,3,1
9386,8,4
9387,2,0
9388,1,3
9389,10,1
9390,10,0
9391,10,0
9392,6,0
9393,7,4
9394,6,1
9395,7,2
9396,5,1
9397,8,5
9398,9,4
9399,7,3
9400,0,2
9401,8,0
9402,4,2
9403,5,4
9404,7,3
9405,6,4
9406,4,1
9407,10,1
9408,5,5
9409,6,3
9410,8,1
9411,10,0
9412,10,3
9413,7,4
9414,5,0
9415,7,3
9416,8,3
9417,0,0
9418,9,1
9419,9,2
9420,10,0
9421,2,4
9422,8,2
9423,9,5
9424,6,4
9425,4,1
9426,5,2
9427,5,2
9428,3,1
9429,2,4
9430,2,1
9431,5,0
9432,6,0
9433,7,1
9434,9,5
9435,7,3
9436,1,4
9437,6,0
9438,0,2
9439,9,1
9440,8,0
9441,3,1
9442,4,4
9443,3,1
9444,10,1
9445,7,5
9446,8,5
9447,7,1
9448,4,5
9449,5,2
9450,9,0
9451,4,5
9452,5,1
9453,3,2
9454,4,1
9455,3,2
9456,10,5
9457,5,3
9458,3,1
9459,4,3
9460,6,3
9461,2,3
9462,4,5
9463,8,2
9464,2,0
9465,5,5
9466,1,0
9467,0,1
9468,6,0
9469,4,3
9470,6,3
9471,8,4
9472,4,4
9473,2,0
9474,5,2
9475,9,3
9476,8,2
9477,7,0
9478,4,2
9479,7,4
9480,0,1
9481,6,5
9482,7,5
9483,4,3
9484,0,1
9485,4,5
9486,5,5
9487,2,1
9488,8,5
9489,1,2
9490,10,0
9491,1,1
9492,4,2
9493,5,1
9494,1,3
9495,8,2
9496,7,3
9497,6,2
9498,10,3
9499,7,3
9500,7,2
9501,7,2
9502,5,1
9503,6,1
9504,0,1
9505,0,3
9506,7,5
9507,0,2
9508,0,1
9509,3,2
9510,3,0
9511,4,1
9512,4,1
9513,2,0
9514,1,5
9515,2,5
9516,8,2
9517,4,3
9518,7,2
9519,9,1
9520,10,5
9521,10,4
9522,10,4
9523,6,4
9524,5,1
9525,10,2
9526,10,1
9527,2,3
9528,5,4
9529,1,3
9530,1,5
9531,8,2
9532,2,1
9533,9,0
9534,6,5
9535,4,1
9536,2,5
9537,10,3
9538,7,0
9539,5,5
9540,6,1
9541,1,5
9542,2,2
9543,1,5
9544,3,2
9545,2,2
9546,4,5
9547,8,4
9548,10,1
9549,5,4
9550,3,2
9551,5,5
9552,3,0
9553,8,0
9554,3,5
9555,2,3
9556,10,5
9557,4,5
9558,10,4
9559,4,3
9560,9,4
9561,6,0
9562,8,1
9563,4,0
9564,7,3
9565,9,3
9566,3,1
9567,4,4
9568,4,1
9569,4,4
9570,0,3
9571,1,5
9572,6,4
9573,0,0
9574,1,3
9575,4,5
9576,8,5
9577,2,0
9578,10,3
9579,10,5
9580,10,0
9581,9,0
9582,9,2
9583,2,4
9584,1,4
9585,0,1
9586,9,4
9587,0,3
9588,1,4
9589,4,1
9590,2,4
9591,0,0
9592,5,2
9593,10,1
9594,9,1
9595,5,2
9596,0,5
9597,4,0
9598,10,1
9599,6,2
9600,9,3
9601,5,0
9602,5,5
9603,8,0
9604,1,5
9605,2,5
9606,6,3
9607,2,2
9608,9,2
9609,1,2
9610,2,4
9611,4,2
9612,8,3
9613,3,3
9614,2,2
9615,4,4
9616,4,4
9617,8,5
9618,5,1
9619,4,4
9620,4,3
9621,9,3
9622,2,1
9623,3,2
9624,1,2
9625,1,5
9626,4,2
9627,10,5
9628,3,5
9629,7,4
9630,1,3
9631,9,1
9632,4,0
9633,6,5
9634,6,4
9635,10,3
9636,2,4
9637,2,3
9638,7,4
9639,5,2
9640,2,4
9641,8,2
9642,7,2
9643,9,5
9644,9,2
9645,9,3
9646,8,0
9647,3,5
9648,5,0
9649,0,5
9650,6,4
9651,5,5
9652,2,1
9653,5,1
9654,7,5
9655,4,3
9656,6,3
9657,2,0
9658,8,0
9659,7,5
9660,1,0
9661,7,3
9662,2,2
9663,10,0
9664,10,2
9665,5,5
9666,8,5
9667,3,2
9668,5,0
9669,2,1
9670,7,2
9671,8,2
9672,8,2
9673,3,5
9674,6,4
9675,1,1
9676,2,0
9677,1,4
9678,6,3
9679,6,5
9680,7,2
9681,4,4
9682,4,0
9683,7,1
9684,2,4
9685,6,2
9686,2,5
9687,8,3
9688,9,2
9689,10,3
9690,1,4
9691,2,0
9692,9,1
9693,7,1
9694,9,4
9695,2,2
9696,6,2
9697,0,3
9698,0,0
9699,6,3
9700,6,3
9701,2,4
9702,9,3
9703,8,0
9704,2,4
9705,5,0
9706,10,3
9707,7,1
9708,5,0
9709,7,3
9710,8,5
9711,10,1
9712,7,3
9713,5,1
9714,2,3
9715,3,5
9716,6,5
9717,6,2
9718,1,2
9719,7,3
9720,4,2
9721,3,5
9722,7,3
9723,4,1
9724,2,1
9725,3,5
9726,5,3
9727,2,4
9728,10,3
9729,0,0
9730,5,1
9731,10,3
9732,8,0
9733,8,1
9734,2,3
9735,1,0
9736,8,3
9737,1,5
9738,7,1
9739,9,0
9740,1,0
9741,8,4
9742,0,3
9743,7,5
9744,9,3
9745,6,4
9746,8,0
9747,2,0
9748,10,5
9749,6,3
9750,0,3
9751,8,2
9752,1,5
9753,1,5
9754,9,2
9755,2,0
9756,1,1
9757,10,5
9758,3,3
9759,2,1
9760,4,4
9761,4,5
9762,0,5
9763,5,1
9764,1,5
9765,9,4
9766,8,2
9767,4,1
9768,5,5
9769,0,4
9770,7,1
9771,10,5
9772,4,3
9773,5,4
9774,8,3
9775,7,2
9776,8,5
9777,3,5
9778,9,1
9779,6,3
9780,2,0
9781,2,4
9782,9,2
9783,2,3
9784,3,0
9785,6,1
9786,7,4
9787,10,5
9788,9,2
9789,4,1
9790,1,4
9791,4,3
9792,3,3
9793,2,4
9794,2,4
9795,7,2
9796,3,4
9797,10,4
9798,5,3
9799,5,4
9800,6,0
9801,6,3
9802,0,3
9803,10,3
9804,5,1
9805,6,0
9806,2,0
9807,8,5
9808,0,1
9809,5,1
9810,10,2
9811,6,4
9812,4,1
9813,8,2
9814,3,5
9815,2,1
9816,5,3
9817,9,3
9818,5,0
9819,6,0
9820,9,0
9821,0,2
9822,4,1
9823,10,4
9824,6,2
9825,1,0
9826,2,3
9827,4,3
9828,8,1
9829,2,3
9830,9,1
9831,3,1
9832,0,1
9833,5,2
9834,2,0
9835,3,4
9836,7,3
9837,4,3
9838,8,0
9839,1,2
9840,8,1
9841,0,1
9842,8,1
9843,9,3
9844,6,1
9845,7,5
9846,0,5
9847,1,2
9848,3,1
9849,10,3
9850,1,0
9851,3,2
9852,8,2
9853,5,0
9854,7,5
9855,6,4
9856,3,4
9857,9,4
9858,1,1
9859,9,3
9860,8,5
9861,3,2
9862,6,5
9863,1,2
9864,3,5
9865,10,3
9866,8,4
9867,0,4
9868,8,2
9869,10,4
9870,9,4
9871,9,3
9872,1,3
9873,10,2
9874,8,5
9875,8,2
9876,5,1
9877,9,0
9878,10,1
9879,9,2
9880,1,5
9881,2,4
9882,1,1
9883,5,3
9884,5,4
9885,0,3
9886,3,2
9887,7,4
9888,6,4
9889,9,1
9890,9,3
9891,6,3
9892,9,0
9893,9,3
9894,6,1
9895,0,4
9896,4,1
9897,8,5
9898,10,4
9899,5,0
9900,8,5
9901,1,1
9902,4,0
9903,5,4
9904,9,2
9905,8,3
9906,6,3
9907,2,5
9908,8,1
9909,2,5
9910,6,3
9911,5,4
9912,10,0
9913,3,2
9914,4,5
9915,9,1
9916,1,4
9917,5,3
9918,4,5
9919,2,0
9920,0,4
9921,2,3
9922,5,4
9923,4,2
9924,3,1
9925,6,2
9926,3,2
9927,6,3
9928,2,5
9929,9,2
9930,3,0
9931,6,2
9932,6,2
9933,7,1
9934,4,3
9935,4,3
9936,6,0
9937,9,0
9938,2,3
9939,1,1
9940,0,4
9941,6,3
9942,0,0
9943,0,1
9944,7,5
9945,9,1
9946,0,4
9947,7,5
9948,8,1
9949,10,0
9950,3,5
9951,7,5
9952,3,1
9953,3,3
9954,5,2
9955,1,0
9956,4,5
9957,3,1
9958,1,5
9959,9,1
9960,10,0
9961,0,0
9962,2,5
9963,9,2
9964,0,2
9965,10,4
9966,1,4
9967,4,1
9968,1,4
9969,0,4
9970,5,0
9971,9,1
9972,3,0
9973,9,4
9974,5,4
9975,9,3
9976,1,5
9977,9,3
9978,1,4
9979,8,5
9980,10,1
9981,5,3
9982,1,2
9983,5,0
9984,0,3
9985,7,3
9986,1,0
9987,5,0
9988,4,0
9989,9,5
9990,6,2
9991,7,4
9992,7,1
9993,3,3
9994,8,1
9995,3,0
9996,4,2
9997,9,4
9998,6,0
9999,7,3
10000,3,0
